sentid	sentpos	word	num_responses	responses_exist
0	1	Lauren	90	False
0	2	turned	90	False
0	3	on	90	False
0	4	the	90	False
0	5	TV	90	False
0	6	and	90	False
0	7	flopped	90	False
0	8	down	90	False
0	9	on	90	False
0	10	the	90	False
0	11	couch	90	True
0	12	in	90	False
0	13	the	90	False
0	14	den.	90	False
1	1	They	90	False
1	2	were	90	False
1	3	worried	90	False
1	4	that	90	False
1	5	the	90	False
1	6	cat	90	False
1	7	would	90	False
1	8	tear	90	False
1	9	up	90	False
1	10	the	90	False
1	11	couch	90	True
1	12	in	90	False
1	13	the	90	False
1	14	den.	90	False
2	1	Before	90	False
2	2	painting,	90	False
2	3	the	90	False
2	4	contractors	90	False
2	5	laid	90	False
2	6	down	90	False
2	7	a	90	False
2	8	tarp	90	False
2	9	on	90	False
2	10	the	90	False
2	11	couch	90	True
2	12	in	90	False
2	13	the	90	False
2	14	den.	90	False
3	1	To	90	False
3	2	see	90	False
3	3	the	90	False
3	4	exotic	90	False
3	5	animals,	90	False
3	6	we	90	False
3	7	took	90	False
3	8	the	90	False
3	9	children	90	False
3	10	to	90	False
3	11	the	90	False
3	12	zoo	90	True
3	13	in	90	False
3	14	San	90	False
3	15	Diego.	90	False
4	1	To	90	False
4	2	see	90	False
4	3	the	90	False
4	4	pretty	90	False
4	5	horses,	90	False
4	6	we	90	False
4	7	took	90	False
4	8	the	90	False
4	9	children	90	False
4	10	to	90	False
4	11	the	90	False
4	12	zoo	90	True
4	13	in	90	False
4	14	San	90	False
4	15	Diego.	90	False
5	1	Jennifer	90	False
5	2	asked	90	False
5	3	a	90	False
5	4	close	90	False
5	5	friend	90	False
5	6	if	90	False
5	7	they	90	False
5	8	could	90	False
5	9	go	90	False
5	10	to	90	False
5	11	the	90	False
5	12	zoo	90	True
5	13	in	90	False
5	14	San	90	False
5	15	Diego.	90	False
6	1	After	90	False
6	2	cutting	90	False
6	3	down	90	False
6	4	the	90	False
6	5	tree,	90	False
6	6	all	90	False
6	7	that	90	False
6	8	was	90	False
6	9	left	90	False
6	10	was	90	False
6	11	a	90	False
6	12	stump	90	True
6	13	beside	90	False
6	14	the	90	False
6	15	fence.	90	False
7	1	They	90	False
7	2	had	90	False
7	3	to	90	False
7	4	hire	90	False
7	5	the	90	False
7	6	landscapers,	90	False
7	7	to	90	False
7	8	help	90	False
7	9	them	90	False
7	10	remove	90	False
7	11	a	90	False
7	12	stump	90	True
7	13	beside	90	False
7	14	the	90	False
7	15	fence.	90	False
8	1	Behind	90	False
8	2	the	90	False
8	3	storage	90	False
8	4	shed,	90	False
8	5	there	90	False
8	6	were	90	False
8	7	some	90	False
8	8	dead	90	False
8	9	branches	90	False
8	10	and	90	False
8	11	a	90	False
8	12	stump	90	True
8	13	beside	90	False
8	14	the	90	False
8	15	fence.	90	False
9	1	The	90	False
9	2	lake	90	False
9	3	had	90	False
9	4	dried	90	False
9	5	up	90	False
9	6	after	90	False
9	7	last	90	False
9	8	year's	90	False
9	9	drought	90	True
9	10	in	90	False
9	11	California.	90	False
10	1	They	90	False
10	2	mortgaged	90	False
10	3	all	90	False
10	4	their	90	False
10	5	land	90	False
10	6	after	90	False
10	7	last	90	False
10	8	year's	90	False
10	9	drought	90	True
10	10	in	90	False
10	11	California.	90	False
11	1	They	90	False
11	2	started	90	False
11	3	filming	90	False
11	4	a	90	False
11	5	documentary	90	False
11	6	about	90	False
11	7	last	90	False
11	8	year's	90	False
11	9	drought	90	True
11	10	in	90	False
11	11	California.	90	False
12	1	They	90	False
12	2	didn't	90	False
12	3	rent	90	False
12	4	the	90	False
12	5	apartment	90	False
12	6	because	90	False
12	7	the	90	False
12	8	kitchen	90	False
12	9	was	90	False
12	10	too	90	False
12	11	small	90	True
12	12	and	90	False
12	13	unimpressive.	90	False
13	1	They	90	False
13	2	didn't	90	False
13	3	buy	90	False
13	4	the	90	False
13	5	convertible	90	False
13	6	because	90	False
13	7	the	90	False
13	8	engine	90	False
13	9	was	90	False
13	10	too	90	False
13	11	small	90	True
13	12	and	90	False
13	13	unimpressive.	90	False
14	1	She	90	False
14	2	decided	90	False
14	3	not	90	False
14	4	to	90	False
14	5	apply	90	False
14	6	because	90	False
14	7	the	90	False
14	8	college	90	False
14	9	was	90	False
14	10	too	90	False
14	11	small	90	True
14	12	and	90	False
14	13	unimpressive.	90	False
15	1	Melissa	90	False
15	2	was	90	False
15	3	crying,	90	False
15	4	and	90	False
15	5	we	90	False
15	6	saw	90	False
15	7	tears	90	False
15	8	in	90	False
15	9	her	90	False
15	10	eyes	90	True
15	11	which	90	False
15	12	were	90	False
15	13	bright	90	False
15	14	blue.	90	False
16	1	During	90	False
16	2	the	90	False
16	3	checkup,	90	False
16	4	the	90	False
16	5	doctor	90	False
16	6	looked	90	False
16	7	carefully	90	False
16	8	into	90	False
16	9	her	90	False
16	10	eyes	90	True
16	11	which	90	False
16	12	were	90	False
16	13	bright	90	False
16	14	blue.	90	False
17	1	Her	90	False
17	2	new	90	False
17	3	wallpaper	90	False
17	4	was	90	False
17	5	the	90	False
17	6	same	90	False
17	7	color	90	False
17	8	as	90	False
17	9	her	90	False
17	10	eyes	90	True
17	11	which	90	False
17	12	were	90	False
17	13	bright	90	False
17	14	blue.	90	False
18	1	Laurence	90	False
18	2	got	90	False
18	3	some	90	False
18	4	yeast	90	False
18	5	to	90	False
18	6	bake	90	False
18	7	his	90	False
18	8	own	90	False
18	9	bread	90	True
18	10	from	90	False
18	11	scratch.	90	False
19	1	Laurence	90	False
19	2	needed	90	False
19	3	some	90	False
19	4	advice	90	False
19	5	before	90	False
19	6	baking	90	False
19	7	his	90	False
19	8	own	90	False
19	9	bread	90	True
19	10	from	90	False
19	11	scratch.	90	False
20	1	Laurence	90	False
20	2	woke	90	False
20	3	up	90	False
20	4	early	90	False
20	5	to	90	False
20	6	make	90	False
20	7	his	90	False
20	8	own	90	False
20	9	bread	90	True
20	10	from	90	False
20	11	scratch.	90	False
21	1	I	90	False
21	2	had	90	False
21	3	to	90	False
21	4	go	90	False
21	5	inside	90	False
21	6	because	90	False
21	7	the	90	False
21	8	jackhammer	90	False
21	9	was	90	False
21	10	very	90	False
21	11	loud	90	True
21	12	and	90	False
21	13	annoying.	90	False
22	1	The	90	False
22	2	kid	90	False
22	3	who	90	False
22	4	was	90	False
22	5	playing	90	False
22	6	on	90	False
22	7	the	90	False
22	8	playground	90	False
22	9	was	90	False
22	10	very	90	False
22	11	loud	90	True
22	12	and	90	False
22	13	annoying.	90	False
23	1	She	90	False
23	2	saw	90	False
23	3	her	90	False
23	4	coworker	90	False
23	5	at	90	False
23	6	the	90	False
23	7	bar,	90	False
23	8	who	90	False
23	9	was	90	False
23	10	very	90	False
23	11	loud	90	True
23	12	and	90	False
23	13	annoying.	90	False
24	1	She	90	False
24	2	brought	90	False
24	3	an	90	False
24	4	umbrella	90	False
24	5	to	90	False
24	6	protect	90	False
24	7	her	90	False
24	8	from	90	False
24	9	the	90	False
24	10	rain	90	True
24	11	and	90	False
24	12	sleet.	90	False
25	1	She	90	False
25	2	brought	90	False
25	3	a	90	False
25	4	jacket	90	False
25	5	to	90	False
25	6	protect	90	False
25	7	her	90	False
25	8	from	90	False
25	9	the	90	False
25	10	rain	90	True
25	11	and	90	False
25	12	sleet.	90	False
26	1	She	90	False
26	2	arrived	90	False
26	3	late	90	False
26	4	because	90	False
26	5	she	90	False
26	6	got	90	False
26	7	stuck	90	False
26	8	in	90	False
26	9	the	90	False
26	10	rain	90	True
26	11	and	90	False
26	12	sleet.	90	False
27	1	The	90	False
27	2	disease	90	False
27	3	is	90	False
27	4	fatal	90	False
27	5	as	90	False
27	6	there	90	False
27	7	is	90	False
27	8	no	90	False
27	9	known	90	False
27	10	cure	90	True
27	11	for	90	False
27	12	it.	90	False
28	1	This	90	False
28	2	danger	90	False
28	3	is	90	False
28	4	real	90	False
28	5	and	90	False
28	6	there	90	False
28	7	is	90	False
28	8	no	90	False
28	9	known	90	False
28	10	cure	90	True
28	11	for	90	False
28	12	it.	90	False
29	1	We	90	False
29	2	heard	90	False
29	3	that	90	False
29	4	the	90	False
29	5	remote	90	False
29	6	island	90	False
29	7	has	90	False
29	8	no	90	False
29	9	known	90	False
29	10	cure	90	True
29	11	for	90	False
29	12	it.	90	False
30	1	The	90	False
30	2	parents	90	False
30	3	of	90	False
30	4	the	90	False
30	5	awarded	90	False
30	6	athlete	90	False
30	7	felt	90	False
30	8	very	90	False
30	9	proud	90	True
30	10	of	90	False
30	11	his	90	False
30	12	hard	90	False
30	13	work.	90	False
31	1	The	90	False
31	2	owner	90	False
31	3	of	90	False
31	4	the	90	False
31	5	Italian	90	False
31	6	restaurant	90	False
31	7	felt	90	False
31	8	very	90	False
31	9	proud	90	True
31	10	of	90	False
31	11	his	90	False
31	12	hard	90	False
31	13	work.	90	False
32	1	After	90	False
32	2	his	90	False
32	3	final	90	False
32	4	chemo	90	False
32	5	treatment,	90	False
32	6	he	90	False
32	7	felt	90	False
32	8	very	90	False
32	9	proud	90	True
32	10	of	90	False
32	11	his	90	False
32	12	hard	90	False
32	13	work.	90	False
33	1	Instead	90	False
33	2	of	90	False
33	3	the	90	False
33	4	accelerator,	90	False
33	5	Maria	90	False
33	6	stepped	90	False
33	7	on	90	False
33	8	the	90	False
33	9	brake	90	True
33	10	all	90	False
33	11	of	90	False
33	12	a	90	False
33	13	sudden.	90	False
34	1	My	90	False
34	2	passengers	90	False
34	3	jumped	90	False
34	4	when	90	False
34	5	I	90	False
34	6	stepped	90	False
34	7	on	90	False
34	8	the	90	False
34	9	brake	90	True
34	10	all	90	False
34	11	of	90	False
34	12	a	90	False
34	13	sudden.	90	False
35	1	We	90	False
35	2	were	90	False
35	3	surprised	90	False
35	4	when	90	False
35	5	Maria	90	False
35	6	stepped	90	False
35	7	on	90	False
35	8	the	90	False
35	9	brake	90	True
35	10	all	90	False
35	11	of	90	False
35	12	a	90	False
35	13	sudden.	90	False
36	1	The	90	False
36	2	politician	90	False
36	3	stood	90	False
36	4	at	90	False
36	5	the	90	False
36	6	podium	90	False
36	7	and	90	False
36	8	gave	90	False
36	9	a	90	False
36	10	long	90	False
36	11	speech	90	True
36	12	about	90	False
36	13	slavery.	90	False
37	1	Hamilton	90	False
37	2	didn't	90	False
37	3	have	90	False
37	4	the	90	False
37	5	patience	90	False
37	6	to	90	False
37	7	sit	90	False
37	8	through	90	False
37	9	the	90	False
37	10	long	90	False
37	11	speech	90	True
37	12	about	90	False
37	13	slavery.	90	False
38	1	Hamilton	90	False
38	2	and	90	False
38	3	his	90	False
38	4	coworkers	90	False
38	5	were	90	False
38	6	chatting	90	False
38	7	together	90	False
38	8	after	90	False
38	9	the	90	False
38	10	long	90	False
38	11	speech	90	True
38	12	about	90	False
38	13	slavery.	90	False
39	1	The	90	False
39	2	passwords	90	False
39	3	were	90	False
39	4	stolen	90	False
39	5	by	90	False
39	6	a	90	False
39	7	brilliant	90	False
39	8	hacker	90	True
39	9	living	90	False
39	10	in	90	False
39	11	San	90	False
39	12	Bernardino.	90	False
40	1	The	90	False
40	2	security	90	False
40	3	experts	90	False
40	4	were	90	False
40	5	arresting	90	False
40	6	a	90	False
40	7	brilliant	90	False
40	8	hacker	90	True
40	9	living	90	False
40	10	in	90	False
40	11	San	90	False
40	12	Bernardino.	90	False
41	1	The	90	False
41	2	software	90	False
41	3	was	90	False
41	4	designed	90	False
41	5	by	90	False
41	6	a	90	False
41	7	brilliant	90	False
41	8	hacker	90	True
41	9	living	90	False
41	10	in	90	False
41	11	San	90	False
41	12	Bernardino.	90	False
42	1	There's	90	False
42	2	no	90	False
42	3	need	90	False
42	4	to	90	False
42	5	lie,	90	False
42	6	you	90	False
42	7	can	90	False
42	8	tell	90	False
42	9	me	90	False
42	10	the	90	False
42	11	truth	90	True
42	12	about	90	False
42	13	Sarah.	90	False
43	1	My	90	False
43	2	friend	90	False
43	3	at	90	False
43	4	the	90	False
43	5	office	90	False
43	6	refused	90	False
43	7	to	90	False
43	8	tell	90	False
43	9	me	90	False
43	10	the	90	False
43	11	truth	90	True
43	12	about	90	False
43	13	Sarah.	90	False
44	1	The	90	False
44	2	police	90	False
44	3	officer	90	False
44	4	was	90	False
44	5	unsure	90	False
44	6	if	90	False
44	7	he	90	False
44	8	could	90	False
44	9	find	90	False
44	10	the	90	False
44	11	truth	90	True
44	12	about	90	False
44	13	Sarah.	90	False
45	1	The	90	False
45	2	birthday	90	False
45	3	boy	90	False
45	4	didn't	90	False
45	5	want	90	False
45	6	frosting	90	False
45	7	on	90	False
45	8	his	90	False
45	9	slice	90	False
45	10	of	90	False
45	11	cake	90	True
45	12	after	90	False
45	13	all.	90	False
46	1	The	90	False
46	2	hungry	90	False
46	3	student	90	False
46	4	decided	90	False
46	5	to	90	False
46	6	buy	90	False
46	7	a	90	False
46	8	small	90	False
46	9	piece	90	False
46	10	of	90	False
46	11	cake	90	True
46	12	after	90	False
46	13	all.	90	False
47	1	My	90	False
47	2	wife	90	False
47	3	said	90	False
47	4	that	90	False
47	5	she	90	False
47	6	didn't	90	False
47	7	like	90	False
47	8	that	90	False
47	9	kind	90	False
47	10	of	90	False
47	11	cake	90	True
47	12	after	90	False
47	13	all.	90	False
48	1	He	90	False
48	2	didn't	90	False
48	3	eat	90	False
48	4	breakfast,	90	False
48	5	and	90	False
48	6	he	90	False
48	7	forgot	90	False
48	8	to	90	False
48	9	pack	90	False
48	10	his	90	False
48	11	lunch	90	True
48	12	and	90	False
48	13	his	90	False
48	14	thermos.	90	False
49	1	For	90	False
49	2	the	90	False
49	3	student's	90	False
49	4	daytrip,	90	False
49	5	he	90	False
49	6	had	90	False
49	7	forgotten	90	False
49	8	to	90	False
49	9	bring	90	False
49	10	his	90	False
49	11	lunch	90	True
49	12	and	90	False
49	13	his	90	False
49	14	thermos.	90	False
50	1	He	90	False
50	2	was	90	False
50	3	late	90	False
50	4	because	90	False
50	5	he	90	False
50	6	had	90	False
50	7	to	90	False
50	8	pick	90	False
50	9	up	90	False
50	10	his	90	False
50	11	lunch	90	True
50	12	and	90	False
50	13	his	90	False
50	14	thermos.	90	False
51	1	Ben	90	False
51	2	was	90	False
51	3	great	90	False
51	4	at	90	False
51	5	remembering	90	False
51	6	numbers	90	False
51	7	because	90	False
51	8	he	90	False
51	9	had	90	False
51	10	a	90	False
51	11	good	90	False
51	12	memory	90	True
51	13	since	90	False
51	14	childhood.	90	False
52	1	Ben	90	False
52	2	always	90	False
52	3	did	90	False
52	4	well	90	False
52	5	in	90	False
52	6	Biology	90	False
52	7	because	90	False
52	8	he	90	False
52	9	had	90	False
52	10	a	90	False
52	11	good	90	False
52	12	memory	90	True
52	13	since	90	False
52	14	childhood.	90	False
53	1	Ben	90	False
53	2	was	90	False
53	3	always	90	False
53	4	an	90	False
53	5	excellent	90	False
53	6	employee	90	False
53	7	because	90	False
53	8	he	90	False
53	9	had	90	False
53	10	a	90	False
53	11	good	90	False
53	12	memory	90	True
53	13	since	90	False
53	14	childhood.	90	False
54	1	In	90	False
54	2	the	90	False
54	3	story,	90	False
54	4	the	90	False
54	5	wolf	90	False
54	6	chased	90	False
54	7	the	90	False
54	8	three	90	False
54	9	little	90	False
54	10	pigs	90	True
54	11	behind	90	False
54	12	the	90	False
54	13	house.	90	False
55	1	The	90	False
55	2	farmer	90	False
55	3	was	90	False
55	4	raising	90	False
55	5	cows	90	False
55	6	and	90	False
55	7	lots	90	False
55	8	of	90	False
55	9	little	90	False
55	10	pigs	90	True
55	11	behind	90	False
55	12	the	90	False
55	13	house.	90	False
56	1	Bill	90	False
56	2	checked	90	False
56	3	outside,	90	False
56	4	but	90	False
56	5	he	90	False
56	6	didn't	90	False
56	7	see	90	False
56	8	the	90	False
56	9	little	90	False
56	10	pigs	90	True
56	11	behind	90	False
56	12	the	90	False
56	13	house.	90	False
57	1	The	90	False
57	2	lumberjack	90	False
57	3	chopped	90	False
57	4	down	90	False
57	5	the	90	False
57	6	tree	90	False
57	7	with	90	False
57	8	his	90	False
57	9	axe	90	True
57	10	that	90	False
57	11	looked	90	False
57	12	intimidating.	90	False
58	1	The	90	False
58	2	man	90	False
58	3	walked	90	False
58	4	into	90	False
58	5	the	90	False
58	6	forest	90	False
58	7	carrying	90	False
58	8	his	90	False
58	9	axe	90	True
58	10	that	90	False
58	11	looked	90	False
58	12	intimidating.	90	False
59	1	My	90	False
59	2	father	90	False
59	3	scared	90	False
59	4	away	90	False
59	5	the	90	False
59	6	burglars	90	False
59	7	with	90	False
59	8	his	90	False
59	9	axe	90	True
59	10	that	90	False
59	11	looked	90	False
59	12	intimidating.	90	False
60	1	In	90	False
60	2	a	90	False
60	3	few	90	False
60	4	weeks,	90	False
60	5	the	90	False
60	6	butterfly	90	False
60	7	will	90	False
60	8	emerge	90	False
60	9	from	90	False
60	10	the	90	False
60	11	cocoon	90	True
60	12	made	90	False
60	13	of	90	False
60	14	silk.	90	False
61	1	The	90	False
61	2	caterpillar	90	False
61	3	was	90	False
61	4	trying	90	False
61	5	its	90	False
61	6	best	90	False
61	7	to	90	False
61	8	escape	90	False
61	9	from	90	False
61	10	the	90	False
61	11	cocoon	90	True
61	12	made	90	False
61	13	of	90	False
61	14	silk.	90	False
62	1	The	90	False
62	2	biologist	90	False
62	3	used	90	False
62	4	the	90	False
62	5	microscope	90	False
62	6	to	90	False
62	7	see	90	False
62	8	inside	90	False
62	9	of	90	False
62	10	the	90	False
62	11	cocoon	90	True
62	12	made	90	False
62	13	of	90	False
62	14	silk.	90	False
63	1	On	90	False
63	2	the	90	False
63	3	plane,	90	False
63	4	Timmy	90	False
63	5	went	90	False
63	6	up	90	False
63	7	to	90	False
63	8	the	90	False
63	9	cockpit	90	False
63	10	to	90	False
63	11	meet	90	False
63	12	the	90	False
63	13	pilot	90	True
63	14	and	90	False
63	15	copilot.	90	False
64	1	When	90	False
64	2	they	90	False
64	3	arrived	90	False
64	4	at	90	False
64	5	their	90	False
64	6	destination,	90	False
64	7	the	90	False
64	8	passengers	90	False
64	9	got	90	False
64	10	to	90	False
64	11	meet	90	False
64	12	the	90	False
64	13	pilot	90	True
64	14	and	90	False
64	15	copilot.	90	False
65	1	When	90	False
65	2	we	90	False
65	3	were	90	False
65	4	told	90	False
65	5	we	90	False
65	6	had	90	False
65	7	to	90	False
65	8	evacuate,	90	False
65	9	we	90	False
65	10	listened	90	False
65	11	to	90	False
65	12	the	90	False
65	13	pilot	90	True
65	14	and	90	False
65	15	copilot.	90	False
66	1	The	90	False
66	2	hot	90	False
66	3	pan	90	False
66	4	was	90	False
66	5	bubbling	90	False
66	6	on	90	False
66	7	the	90	False
66	8	stove	90	True
66	9	in	90	False
66	10	the	90	False
66	11	kitchen.	90	False
67	1	The	90	False
67	2	children	90	False
67	3	weren't	90	False
67	4	supposed	90	False
67	5	to	90	False
67	6	touch	90	False
67	7	the	90	False
67	8	stove	90	True
67	9	in	90	False
67	10	the	90	False
67	11	kitchen.	90	False
68	1	Jan	90	False
68	2	wasn't	90	False
68	3	able	90	False
68	4	to	90	False
68	5	turn	90	False
68	6	on	90	False
68	7	the	90	False
68	8	stove	90	True
68	9	in	90	False
68	10	the	90	False
68	11	kitchen.	90	False
69	1	He	90	False
69	2	bought	90	False
69	3	the	90	False
69	4	lettuce	90	False
69	5	and	90	False
69	6	croutons	90	False
69	7	to	90	False
69	8	make	90	False
69	9	a	90	False
69	10	salad	90	True
69	11	for	90	False
69	12	everyone.	90	False
70	1	For	90	False
70	2	her	90	False
70	3	lunch	90	False
70	4	tomorrow,	90	False
70	5	she	90	False
70	6	decided	90	False
70	7	to	90	False
70	8	make	90	False
70	9	a	90	False
70	10	salad	90	True
70	11	for	90	False
70	12	everyone.	90	False
71	1	On	90	False
71	2	the	90	False
71	3	last	90	False
71	4	day,	90	False
71	5	he	90	False
71	6	decided	90	False
71	7	to	90	False
71	8	make	90	False
71	9	a	90	False
71	10	salad	90	True
71	11	for	90	False
71	12	everyone.	90	False
72	1	I	90	False
72	2	smoothed	90	False
72	3	out	90	False
72	4	the	90	False
72	5	wrinkled	90	False
72	6	pants	90	False
72	7	with	90	False
72	8	the	90	False
72	9	new	90	False
72	10	iron	90	True
72	11	in	90	False
72	12	the	90	False
72	13	bedroom.	90	False
73	1	I	90	False
73	2	accidentally	90	False
73	3	burned	90	False
73	4	my	90	False
73	5	hand	90	False
73	6	while	90	False
73	7	using	90	False
73	8	the	90	False
73	9	new	90	False
73	10	iron	90	True
73	11	in	90	False
73	12	the	90	False
73	13	bedroom.	90	False
74	1	I	90	False
74	2	saw	90	False
74	3	some	90	False
74	4	steam	90	False
74	5	coming	90	False
74	6	out	90	False
74	7	of	90	False
74	8	the	90	False
74	9	new	90	False
74	10	iron	90	True
74	11	in	90	False
74	12	the	90	False
74	13	bedroom.	90	False
75	1	At	90	False
75	2	Costco,	90	False
75	3	the	90	False
75	4	toddler	90	False
75	5	wanted	90	False
75	6	to	90	False
75	7	push	90	False
75	8	the	90	False
75	9	cart	90	True
75	10	near	90	False
75	11	the	90	False
75	12	tall	90	False
75	13	shelves.	90	False
76	1	The	90	False
76	2	grocery	90	False
76	3	store	90	False
76	4	employee	90	False
76	5	had	90	False
76	6	to	90	False
76	7	retrieve	90	False
76	8	the	90	False
76	9	cart	90	True
76	10	near	90	False
76	11	the	90	False
76	12	tall	90	False
76	13	shelves.	90	False
77	1	At	90	False
77	2	work,	90	False
77	3	the	90	False
77	4	assistant	90	False
77	5	needed	90	False
77	6	to	90	False
77	7	find	90	False
77	8	the	90	False
77	9	cart	90	True
77	10	near	90	False
77	11	the	90	False
77	12	tall	90	False
77	13	shelves.	90	False
78	1	On	90	False
78	2	the	90	False
78	3	mashed	90	False
78	4	potatoes	90	False
78	5	she	90	False
78	6	poured	90	False
78	7	a	90	False
78	8	delicious	90	False
78	9	gravy	90	True
78	10	that	90	False
78	11	tastes	90	False
78	12	great.	90	False
79	1	She	90	False
79	2	thickened	90	False
79	3	the	90	False
79	4	stock	90	False
79	5	to	90	False
79	6	make	90	False
79	7	a	90	False
79	8	delicious	90	False
79	9	gravy	90	True
79	10	that	90	False
79	11	tastes	90	False
79	12	great.	90	False
80	1	The	90	False
80	2	restaurant	90	False
80	3	was	90	False
80	4	famous	90	False
80	5	for	90	False
80	6	making	90	False
80	7	a	90	False
80	8	delicious	90	False
80	9	gravy	90	True
80	10	that	90	False
80	11	tastes	90	False
80	12	great.	90	False
81	1	Before	90	False
81	2	mopping,	90	False
81	3	he	90	False
81	4	had	90	False
81	5	to	90	False
81	6	sweep	90	False
81	7	the	90	False
81	8	floor	90	True
81	9	because	90	False
81	10	the	90	False
81	11	boss	90	False
81	12	insisted.	90	False
82	1	All	90	False
82	2	the	90	False
82	3	books	90	False
82	4	were	90	False
82	5	stacked	90	False
82	6	on	90	False
82	7	the	90	False
82	8	floor	90	True
82	9	because	90	False
82	10	the	90	False
82	11	boss	90	False
82	12	insisted.	90	False
83	1	After	90	False
83	2	the	90	False
83	3	party	90	False
83	4	the	90	False
83	5	butler	90	False
83	6	cleaned	90	False
83	7	the	90	False
83	8	floor	90	True
83	9	because	90	False
83	10	the	90	False
83	11	boss	90	False
83	12	insisted.	90	False
84	1	The	90	False
84	2	dairy	90	False
84	3	cow	90	False
84	4	produced	90	False
84	5	a	90	False
84	6	lot	90	False
84	7	of	90	False
84	8	milk	90	True
84	9	that	90	False
84	10	looks	90	False
84	11	fresh.	90	False
85	1	The	90	False
85	2	large	90	False
85	3	jug	90	False
85	4	held	90	False
85	5	a	90	False
85	6	lot	90	False
85	7	of	90	False
85	8	milk	90	True
85	9	that	90	False
85	10	looks	90	False
85	11	fresh.	90	False
86	1	The	90	False
86	2	local	90	False
86	3	farmers	90	False
86	4	produced	90	False
86	5	a	90	False
86	6	lot	90	False
86	7	of	90	False
86	8	milk	90	True
86	9	that	90	False
86	10	looks	90	False
86	11	fresh.	90	False
87	1	The	90	False
87	2	burgers	90	False
87	3	were	90	False
87	4	messy,	90	False
87	5	so	90	False
87	6	he	90	False
87	7	made	90	False
87	8	sure	90	False
87	9	to	90	False
87	10	grab	90	False
87	11	a	90	False
87	12	napkin	90	True
87	13	made	90	False
87	14	of	90	False
87	15	linen.	90	False
88	1	At	90	False
88	2	the	90	False
88	3	diner,	90	False
88	4	the	90	False
88	5	waitress	90	False
88	6	had	90	False
88	7	forgotten	90	False
88	8	to	90	False
88	9	bring	90	False
88	10	him	90	False
88	11	a	90	False
88	12	napkin	90	True
88	13	made	90	False
88	14	of	90	False
88	15	linen.	90	False
89	1	When	90	False
89	2	he	90	False
89	3	was	90	False
89	4	walking	90	False
89	5	past	90	False
89	6	the	90	False
89	7	kitchen	90	False
89	8	he	90	False
89	9	accidentally	90	False
89	10	dropped	90	False
89	11	a	90	False
89	12	napkin	90	True
89	13	made	90	False
89	14	of	90	False
89	15	linen.	90	False
90	1	Above	90	False
90	2	the	90	False
90	3	doorway,	90	False
90	4	he	90	False
90	5	heard	90	False
90	6	the	90	False
90	7	ticking	90	False
90	8	of	90	False
90	9	the	90	False
90	10	old	90	False
90	11	clock	90	True
90	12	on	90	False
90	13	the	90	False
90	14	wall.	90	False
91	1	In	90	False
91	2	the	90	False
91	3	den,	90	False
91	4	they	90	False
91	5	replaced	90	False
91	6	the	90	False
91	7	battery	90	False
91	8	in	90	False
91	9	the	90	False
91	10	old	90	False
91	11	clock	90	True
91	12	on	90	False
91	13	the	90	False
91	14	wall.	90	False
92	1	After	90	False
92	2	their	90	False
92	3	trip,	90	False
92	4	they	90	False
92	5	replaced	90	False
92	6	the	90	False
92	7	battery	90	False
92	8	in	90	False
92	9	the	90	False
92	10	old	90	False
92	11	clock	90	True
92	12	on	90	False
92	13	the	90	False
92	14	wall.	90	False
93	1	Her	90	False
93	2	fridge	90	False
93	3	was	90	False
93	4	empty,	90	False
93	5	and	90	False
93	6	she	90	False
93	7	had	90	False
93	8	nothing	90	False
93	9	to	90	False
93	10	eat	90	True
93	11	while	90	False
93	12	she	90	False
93	13	waited.	90	False
94	1	The	90	False
94	2	premiere	90	False
94	3	was	90	False
94	4	starting,	90	False
94	5	and	90	False
94	6	she	90	False
94	7	had	90	False
94	8	nothing	90	False
94	9	to	90	False
94	10	eat	90	True
94	11	while	90	False
94	12	she	90	False
94	13	waited.	90	False
95	1	My	90	False
95	2	cousin	90	False
95	3	was	90	False
95	4	bored,	90	False
95	5	and	90	False
95	6	she	90	False
95	7	had	90	False
95	8	nothing	90	False
95	9	to	90	False
95	10	eat	90	True
95	11	while	90	False
95	12	she	90	False
95	13	waited.	90	False
96	1	Instead	90	False
96	2	of	90	False
96	3	a	90	False
96	4	shower,	90	False
96	5	she	90	False
96	6	decided	90	False
96	7	to	90	False
96	8	take	90	False
96	9	a	90	False
96	10	bath	90	True
96	11	at	90	False
96	12	home.	90	False
97	1	To	90	False
97	2	relax	90	False
97	3	after	90	False
97	4	work,	90	False
97	5	Bill	90	False
97	6	decided	90	False
97	7	to	90	False
97	8	take	90	False
97	9	a	90	False
97	10	bath	90	True
97	11	at	90	False
97	12	home.	90	False
98	1	That	90	False
98	2	weekend,	90	False
98	3	their	90	False
98	4	interior	90	False
98	5	decorator	90	False
98	6	helped	90	False
98	7	them	90	False
98	8	install	90	False
98	9	a	90	False
98	10	bath	90	True
98	11	at	90	False
98	12	home.	90	False
99	1	The	90	False
99	2	tennis	90	False
99	3	player	90	False
99	4	firmly	90	False
99	5	gripped	90	False
99	6	the	90	False
99	7	handle	90	False
99	8	of	90	False
99	9	his	90	False
99	10	racket	90	True
99	11	and	90	False
99	12	swung.	90	False
100	1	While	90	False
100	2	waiting	90	False
100	3	for	90	False
100	4	his	90	False
100	5	partner,	90	False
100	6	the	90	False
100	7	player	90	False
100	8	grabbed	90	False
100	9	his	90	False
100	10	racket	90	True
100	11	and	90	False
100	12	swung.	90	False
101	1	The	90	False
101	2	crowd	90	False
101	3	watched	90	False
101	4	as	90	False
101	5	the	90	False
101	6	man	90	False
101	7	picked	90	False
101	8	up	90	False
101	9	his	90	False
101	10	racket	90	True
101	11	and	90	False
101	12	swung.	90	False
102	1	Jan	90	False
102	2	poured	90	False
102	3	the	90	False
102	4	milk	90	False
102	5	and	90	False
102	6	cereal	90	False
102	7	into	90	False
102	8	her	90	False
102	9	bowl	90	True
102	10	at	90	False
102	11	breakfast	90	False
102	12	time.	90	False
103	1	The	90	False
103	2	waiter	90	False
103	3	accidentally	90	False
103	4	dropped	90	False
103	5	her	90	False
103	6	spoon	90	False
103	7	and	90	False
103	8	her	90	False
103	9	bowl	90	True
103	10	at	90	False
103	11	breakfast	90	False
103	12	time.	90	False
104	1	Jan	90	False
104	2	was	90	False
104	3	walking	90	False
104	4	and	90	False
104	5	she	90	False
104	6	accidentally	90	False
104	7	dropped	90	False
104	8	her	90	False
104	9	bowl	90	True
104	10	at	90	False
104	11	breakfast	90	False
104	12	time.	90	False
105	1	At	90	False
105	2	the	90	False
105	3	ice	90	False
105	4	cream	90	False
105	5	shop,	90	False
105	6	Jen	90	False
105	7	asked	90	False
105	8	for	90	False
105	9	both	90	False
105	10	chocolate	90	False
105	11	and	90	False
105	12	vanilla	90	True
105	13	which	90	False
105	14	is	90	False
105	15	his	90	False
105	16	favorite.	90	False
106	1	To	90	False
106	2	add	90	False
106	3	flavor	90	False
106	4	to	90	False
106	5	the	90	False
106	6	frosting	90	False
106	7	he	90	False
106	8	added	90	False
106	9	maple	90	False
106	10	syrup	90	False
106	11	and	90	False
106	12	vanilla	90	True
106	13	which	90	False
106	14	is	90	False
106	15	his	90	False
106	16	favorite.	90	False
107	1	He	90	False
107	2	walked	90	False
107	3	down	90	False
107	4	to	90	False
107	5	the	90	False
107	6	supermarket	90	False
107	7	to	90	False
107	8	buy	90	False
107	9	milk,	90	False
107	10	flour,	90	False
107	11	and	90	False
107	12	vanilla	90	True
107	13	which	90	False
107	14	is	90	False
107	15	his	90	False
107	16	favorite.	90	False
108	1	Ben	90	False
108	2	unloaded	90	False
108	3	the	90	False
108	4	bags	90	False
108	5	of	90	False
108	6	cement	90	False
108	7	from	90	False
108	8	the	90	False
108	9	back	90	False
108	10	of	90	False
108	11	the	90	False
108	12	truck	90	True
108	13	in	90	False
108	14	the	90	False
108	15	garage.	90	False
109	1	The	90	False
109	2	fugitive	90	False
109	3	hid	90	False
109	4	from	90	False
109	5	the	90	False
109	6	police	90	False
109	7	in	90	False
109	8	the	90	False
109	9	back	90	False
109	10	of	90	False
109	11	the	90	False
109	12	truck	90	True
109	13	in	90	False
109	14	the	90	False
109	15	garage.	90	False
110	1	Ben	90	False
110	2	was	90	False
110	3	being	90	False
110	4	so	90	False
110	5	violent	90	False
110	6	that	90	False
110	7	he	90	False
110	8	tried	90	False
110	9	to	90	False
110	10	smash	90	False
110	11	the	90	False
110	12	truck	90	True
110	13	in	90	False
110	14	the	90	False
110	15	garage.	90	False
111	1	The	90	False
111	2	swimmer	90	False
111	3	was	90	False
111	4	attacked	90	False
111	5	by	90	False
111	6	a	90	False
111	7	great	90	False
111	8	white	90	False
111	9	shark	90	True
111	10	in	90	False
111	11	the	90	False
111	12	ocean.	90	False
112	1	The	90	False
112	2	marine	90	False
112	3	biologist	90	False
112	4	was	90	False
112	5	studying	90	False
112	6	a	90	False
112	7	rare	90	False
112	8	white	90	False
112	9	shark	90	True
112	10	in	90	False
112	11	the	90	False
112	12	ocean.	90	False
113	1	Earlier,	90	False
113	2	the	90	False
113	3	dock	90	False
113	4	worker	90	False
113	5	saw	90	False
113	6	a	90	False
113	7	beautiful	90	False
113	8	white	90	False
113	9	shark	90	True
113	10	in	90	False
113	11	the	90	False
113	12	ocean.	90	False
114	1	The	90	False
114	2	wide	90	False
114	3	highway	90	False
114	4	downtown	90	False
114	5	has	90	False
114	6	more	90	False
114	7	than	90	False
114	8	six	90	False
114	9	lanes	90	True
114	10	of	90	False
114	11	traffic.	90	False
115	1	The	90	False
115	2	group	90	False
115	3	of	90	False
115	4	bikers	90	False
115	5	crossed	90	False
115	6	more	90	False
115	7	than	90	False
115	8	six	90	False
115	9	lanes	90	True
115	10	of	90	False
115	11	traffic.	90	False
116	1	The	90	False
116	2	marathon	90	False
116	3	runners	90	False
116	4	will	90	False
116	5	cross	90	False
116	6	more	90	False
116	7	than	90	False
116	8	six	90	False
116	9	lanes	90	True
116	10	of	90	False
116	11	traffic.	90	False
117	1	Her	90	False
117	2	vision	90	False
117	3	was	90	False
117	4	terrible,	90	False
117	5	and	90	False
117	6	she	90	False
117	7	has	90	False
117	8	to	90	False
117	9	wear	90	False
117	10	glasses	90	True
117	11	in	90	False
117	12	class.	90	False
118	1	She	90	False
118	2	looks	90	False
118	3	very	90	False
118	4	different	90	False
118	5	when	90	False
118	6	she	90	False
118	7	has	90	False
118	8	to	90	False
118	9	wear	90	False
118	10	glasses	90	True
118	11	in	90	False
118	12	class.	90	False
119	1	Her	90	False
119	2	mother	90	False
119	3	was	90	False
119	4	adamant	90	False
119	5	that	90	False
119	6	she	90	False
119	7	has	90	False
119	8	to	90	False
119	9	wear	90	False
119	10	glasses	90	True
119	11	in	90	False
119	12	class.	90	False
120	1	When	90	False
120	2	the	90	False
120	3	paramedic	90	False
120	4	arrived,	90	False
120	5	he	90	False
120	6	checked	90	False
120	7	the	90	False
120	8	victim's	90	False
120	9	wrist	90	False
120	10	for	90	False
120	11	a	90	False
120	12	pulse	90	True
120	13	and	90	False
120	14	called	90	False
120	15	911.	90	False
121	1	When	90	False
121	2	the	90	False
121	3	expert	90	False
121	4	arrived,	90	False
121	5	he	90	False
121	6	immediately	90	False
121	7	checked	90	False
121	8	the	90	False
121	9	woman	90	False
121	10	for	90	False
121	11	a	90	False
121	12	pulse	90	True
121	13	and	90	False
121	14	called	90	False
121	15	911.	90	False
122	1	When	90	False
122	2	the	90	False
122	3	detective	90	False
122	4	arrived	90	False
122	5	at	90	False
122	6	the	90	False
122	7	scene,	90	False
122	8	he	90	False
122	9	looked	90	False
122	10	for	90	False
122	11	a	90	False
122	12	pulse	90	True
122	13	and	90	False
122	14	called	90	False
122	15	911.	90	False
123	1	The	90	False
123	2	wind	90	False
123	3	couldn't	90	False
123	4	push	90	False
123	5	the	90	False
123	6	boat	90	False
123	7	because	90	False
123	8	it	90	False
123	9	had	90	False
123	10	a	90	False
123	11	tear	90	False
123	12	in	90	False
123	13	the	90	False
123	14	sail	90	True
123	15	after	90	False
123	16	all.	90	False
124	1	No	90	False
124	2	one	90	False
124	3	has	90	False
124	4	told	90	False
124	5	the	90	False
124	6	sailors	90	False
124	7	that	90	False
124	8	there	90	False
124	9	is	90	False
124	10	something	90	False
124	11	wrong	90	False
124	12	with	90	False
124	13	the	90	False
124	14	sail	90	True
124	15	after	90	False
124	16	all.	90	False
125	1	The	90	False
125	2	team	90	False
125	3	had	90	False
125	4	to	90	False
125	5	work	90	False
125	6	for	90	False
125	7	hours	90	False
125	8	to	90	False
125	9	fix	90	False
125	10	the	90	False
125	11	tear	90	False
125	12	in	90	False
125	13	the	90	False
125	14	sail	90	True
125	15	after	90	False
125	16	all.	90	False
126	1	At	90	False
126	2	storytime,	90	False
126	3	the	90	False
126	4	preschoolers	90	False
126	5	have	90	False
126	6	to	90	False
126	7	sit	90	False
126	8	in	90	False
126	9	a	90	False
126	10	circle	90	True
126	11	on	90	False
126	12	the	90	False
126	13	rug.	90	False
127	1	The	90	False
127	2	girl	90	False
127	3	decided	90	False
127	4	to	90	False
127	5	arrange	90	False
127	6	her	90	False
127	7	dolls	90	False
127	8	in	90	False
127	9	a	90	False
127	10	circle	90	True
127	11	on	90	False
127	12	the	90	False
127	13	rug.	90	False
128	1	All	90	False
128	2	of	90	False
128	3	the	90	False
128	4	fifth-graders	90	False
128	5	had	90	False
128	6	to	90	False
128	7	get	90	False
128	8	in	90	False
128	9	a	90	False
128	10	circle	90	True
128	11	on	90	False
128	12	the	90	False
128	13	rug.	90	False
129	1	It	90	False
129	2	could	90	False
129	3	cut	90	False
129	4	easily	90	False
129	5	because	90	False
129	6	the	90	False
129	7	blade	90	False
129	8	was	90	False
129	9	very	90	False
129	10	sharp	90	True
129	11	at	90	False
129	12	the	90	False
129	13	end.	90	False
130	1	She	90	False
130	2	always	90	False
130	3	worked	90	False
130	4	quickly,	90	False
130	5	and	90	False
130	6	her	90	False
130	7	tool	90	False
130	8	was	90	False
130	9	very	90	False
130	10	sharp	90	True
130	11	at	90	False
130	12	the	90	False
130	13	end.	90	False
131	1	His	90	False
131	2	mom	90	False
131	3	sternly	90	False
131	4	warned	90	False
131	5	him	90	False
131	6	because	90	False
131	7	it	90	False
131	8	was	90	False
131	9	very	90	False
131	10	sharp	90	True
131	11	at	90	False
131	12	the	90	False
131	13	end.	90	False
132	1	When	90	False
132	2	the	90	False
132	3	company	90	False
132	4	sued	90	False
132	5	him,	90	False
132	6	he	90	False
132	7	decided	90	False
132	8	to	90	False
132	9	hire	90	False
132	10	a	90	False
132	11	lawyer	90	True
132	12	right	90	False
132	13	away.	90	False
133	1	When	90	False
133	2	he	90	False
133	3	crashed	90	False
133	4	his	90	False
133	5	car,	90	False
133	6	he	90	False
133	7	decided	90	False
133	8	to	90	False
133	9	hire	90	False
133	10	a	90	False
133	11	lawyer	90	True
133	12	right	90	False
133	13	away.	90	False
134	1	When	90	False
134	2	he	90	False
134	3	crashed	90	False
134	4	his	90	False
134	5	car,	90	False
134	6	he	90	False
134	7	decided	90	False
134	8	to	90	False
134	9	call	90	False
134	10	a	90	False
134	11	lawyer	90	True
134	12	right	90	False
134	13	away.	90	False
135	1	Lines	90	False
135	2	of	90	False
135	3	longitude	90	False
135	4	go	90	False
135	5	from	90	False
135	6	the	90	False
135	7	north	90	False
135	8	to	90	False
135	9	the	90	False
135	10	south	90	True
135	11	I	90	False
135	12	think.	90	False
136	1	The	90	False
136	2	arrow	90	False
136	3	on	90	False
136	4	the	90	False
136	5	compass	90	False
136	6	was	90	False
136	7	pointing	90	False
136	8	to	90	False
136	9	the	90	False
136	10	south	90	True
136	11	I	90	False
136	12	think.	90	False
137	1	On	90	False
137	2	their	90	False
137	3	long	90	False
137	4	vacation,	90	False
137	5	the	90	False
137	6	family	90	False
137	7	traveled	90	False
137	8	to	90	False
137	9	the	90	False
137	10	south	90	True
137	11	I	90	False
137	12	think.	90	False
138	1	The	90	False
138	2	neighborhood	90	False
138	3	dog	90	False
138	4	always	90	False
138	5	kept	90	False
138	6	her	90	False
138	7	awake	90	False
138	8	by	90	False
138	9	barking	90	True
138	10	through	90	False
138	11	the	90	False
138	12	night.	90	False
139	1	Our	90	False
139	2	pets	90	False
139	3	sometimes	90	False
139	4	ask	90	False
139	5	us	90	False
139	6	for	90	False
139	7	treats	90	False
139	8	by	90	False
139	9	barking	90	True
139	10	through	90	False
139	11	the	90	False
139	12	night.	90	False
140	1	They	90	False
140	2	knew	90	False
140	3	that	90	False
140	4	Harry	90	False
140	5	kept	90	False
140	6	her	90	False
140	7	awake	90	False
140	8	by	90	False
140	9	barking	90	True
140	10	through	90	False
140	11	the	90	False
140	12	night.	90	False
141	1	The	90	False
141	2	tooth	90	False
141	3	fairy	90	False
141	4	was	90	False
141	5	supposed	90	False
141	6	to	90	False
141	7	leave	90	False
141	8	money	90	False
141	9	under	90	False
141	10	her	90	False
141	11	pillow	90	True
141	12	in	90	False
141	13	the	90	False
141	14	bedroom.	90	False
142	1	My	90	False
142	2	cousin	90	False
142	3	usually	90	False
142	4	kept	90	False
142	5	her	90	False
142	6	phone	90	False
142	7	plugged	90	False
142	8	in	90	False
142	9	under	90	False
142	10	her	90	False
142	11	pillow	90	True
142	12	in	90	False
142	13	the	90	False
142	14	bedroom.	90	False
143	1	When	90	False
143	2	her	90	False
143	3	wallet	90	False
143	4	was	90	False
143	5	missing,	90	False
143	6	she	90	False
143	7	found	90	False
143	8	it	90	False
143	9	under	90	False
143	10	her	90	False
143	11	pillow	90	True
143	12	in	90	False
143	13	the	90	False
143	14	bedroom.	90	False
144	1	Before	90	False
144	2	the	90	False
144	3	weight	90	False
144	4	lifting	90	False
144	5	tournament,	90	False
144	6	he	90	False
144	7	needed	90	False
144	8	to	90	False
144	9	build	90	False
144	10	some	90	False
144	11	muscle	90	True
144	12	real	90	False
144	13	fast.	90	False
145	1	The	90	False
145	2	head	90	False
145	3	of	90	False
145	4	the	90	False
145	5	cheerleading	90	False
145	6	squad	90	False
145	7	needed	90	False
145	8	to	90	False
145	9	build	90	False
145	10	some	90	False
145	11	muscle	90	True
145	12	real	90	False
145	13	fast.	90	False
146	1	After	90	False
146	2	arriving	90	False
146	3	at	90	False
146	4	the	90	False
146	5	campus,	90	False
146	6	he	90	False
146	7	wanted	90	False
146	8	to	90	False
146	9	build	90	False
146	10	some	90	False
146	11	muscle	90	True
146	12	real	90	False
146	13	fast.	90	False
147	1	The	90	False
147	2	volleyball	90	False
147	3	shot	90	False
147	4	barely	90	False
147	5	made	90	False
147	6	it	90	False
147	7	over	90	False
147	8	the	90	False
147	9	net	90	True
147	10	in	90	False
147	11	the	90	False
147	12	high	90	False
147	13	school	90	False
147	14	gym.	90	False
148	1	The	90	False
148	2	referee	90	False
148	3	saw	90	False
148	4	the	90	False
148	5	ball	90	False
148	6	roll	90	False
148	7	under	90	False
148	8	the	90	False
148	9	net	90	True
148	10	in	90	False
148	11	the	90	False
148	12	high	90	False
148	13	school	90	False
148	14	gym.	90	False
149	1	Samantha	90	False
149	2	and	90	False
149	3	Karen	90	False
149	4	suspected	90	False
149	5	it	90	False
149	6	was	90	False
149	7	under	90	False
149	8	the	90	False
149	9	net	90	True
149	10	in	90	False
149	11	the	90	False
149	12	high	90	False
149	13	school	90	False
149	14	gym.	90	False
150	1	In	90	False
150	2	the	90	False
150	3	cartoon,	90	False
150	4	Bugs	90	False
150	5	Bunny	90	False
150	6	was	90	False
150	7	munching	90	False
150	8	on	90	False
150	9	a	90	False
150	10	carrot	90	True
150	11	that	90	False
150	12	looked	90	False
150	13	wilted.	90	False
151	1	The	90	False
151	2	cook	90	False
151	3	was	90	False
151	4	chopping	90	False
151	5	up	90	False
151	6	the	90	False
151	7	parsley	90	False
151	8	and	90	False
151	9	a	90	False
151	10	carrot	90	True
151	11	that	90	False
151	12	looked	90	False
151	13	wilted.	90	False
152	1	In	90	False
152	2	the	90	False
152	3	door	90	False
152	4	of	90	False
152	5	his	90	False
152	6	refrigerator	90	False
152	7	he	90	False
152	8	found	90	False
152	9	a	90	False
152	10	carrot	90	True
152	11	that	90	False
152	12	looked	90	False
152	13	wilted.	90	False
153	1	The	90	False
153	2	kitten	90	False
153	3	was	90	False
153	4	playing	90	False
153	5	with	90	False
153	6	a	90	False
153	7	ball	90	False
153	8	of	90	False
153	9	yarn	90	True
153	10	at	90	False
153	11	the	90	False
153	12	market.	90	False
154	1	The	90	False
154	2	old	90	False
154	3	woman	90	False
154	4	was	90	False
154	5	collecting	90	False
154	6	different	90	False
154	7	colors	90	False
154	8	of	90	False
154	9	yarn	90	True
154	10	at	90	False
154	11	the	90	False
154	12	market.	90	False
155	1	Emily	90	False
155	2	had	90	False
155	3	trouble	90	False
155	4	finding	90	False
155	5	the	90	False
155	6	right	90	False
155	7	color	90	False
155	8	of	90	False
155	9	yarn	90	True
155	10	at	90	False
155	11	the	90	False
155	12	market.	90	False
156	1	The	90	False
156	2	girl	90	False
156	3	bought	90	False
156	4	a	90	False
156	5	pink	90	False
156	6	tutu	90	False
156	7	because	90	False
156	8	she	90	False
156	9	wanted	90	False
156	10	to	90	False
156	11	learn	90	False
156	12	ballet	90	True
156	13	from	90	False
156	14	an	90	False
156	15	expert.	90	False
157	1	The	90	False
157	2	girl	90	False
157	3	had	90	False
157	4	never	90	False
157	5	danced	90	False
157	6	before,	90	False
157	7	but	90	False
157	8	she	90	False
157	9	wanted	90	False
157	10	to	90	False
157	11	learn	90	False
157	12	ballet	90	True
157	13	from	90	False
157	14	an	90	False
157	15	expert.	90	False
158	1	The	90	False
158	2	girl	90	False
158	3	was	90	False
158	4	extremely	90	False
158	5	excited	90	False
158	6	that	90	False
158	7	she	90	False
158	8	was	90	False
158	9	going	90	False
158	10	to	90	False
158	11	learn	90	False
158	12	ballet	90	True
158	13	from	90	False
158	14	an	90	False
158	15	expert.	90	False
159	1	To	90	False
159	2	educate	90	False
159	3	the	90	False
159	4	children,	90	False
159	5	they	90	False
159	6	built	90	False
159	7	a	90	False
159	8	new	90	False
159	9	school	90	True
159	10	by	90	False
159	11	the	90	False
159	12	river.	90	False
160	1	My	90	False
160	2	brother	90	False
160	3	moved	90	False
160	4	and	90	False
160	5	transferred	90	False
160	6	to	90	False
160	7	a	90	False
160	8	new	90	False
160	9	school	90	True
160	10	by	90	False
160	11	the	90	False
160	12	river.	90	False
161	1	After	90	False
161	2	the	90	False
161	3	horrible	90	False
161	4	flood	90	False
161	5	they	90	False
161	6	built	90	False
161	7	a	90	False
161	8	new	90	False
161	9	school	90	True
161	10	by	90	False
161	11	the	90	False
161	12	river.	90	False
162	1	The	90	False
162	2	man	90	False
162	3	used	90	False
162	4	the	90	False
162	5	helium	90	False
162	6	to	90	False
162	7	inflate	90	False
162	8	the	90	False
162	9	red	90	False
162	10	balloon	90	True
162	11	for	90	False
162	12	the	90	False
162	13	child.	90	False
163	1	It	90	False
163	2	was	90	False
163	3	her	90	False
163	4	birthday,	90	False
163	5	so	90	False
163	6	he	90	False
163	7	bought	90	False
163	8	the	90	False
163	9	red	90	False
163	10	balloon	90	True
163	11	for	90	False
163	12	the	90	False
163	13	child.	90	False
164	1	The	90	False
164	2	woman	90	False
164	3	at	90	False
164	4	the	90	False
164	5	store	90	False
164	6	was	90	False
164	7	buying	90	False
164	8	the	90	False
164	9	red	90	False
164	10	balloon	90	True
164	11	for	90	False
164	12	the	90	False
164	13	child.	90	False
165	1	At	90	False
165	2	the	90	False
165	3	vineyard,	90	False
165	4	he	90	False
165	5	bought	90	False
165	6	a	90	False
165	7	fancy	90	False
165	8	bottle	90	False
165	9	of	90	False
165	10	wine	90	True
165	11	from	90	False
165	12	France.	90	False
166	1	The	90	False
166	2	waiter	90	False
166	3	forgot	90	False
166	4	to	90	False
166	5	bring	90	False
166	6	me	90	False
166	7	my	90	False
166	8	glass	90	False
166	9	of	90	False
166	10	wine	90	True
166	11	from	90	False
166	12	France.	90	False
167	1	At	90	False
167	2	the	90	False
167	3	market,	90	False
167	4	he	90	False
167	5	bought	90	False
167	6	a	90	False
167	7	new	90	False
167	8	type	90	False
167	9	of	90	False
167	10	wine	90	True
167	11	from	90	False
167	12	France.	90	False
168	1	To	90	False
168	2	make	90	False
168	3	sushi,	90	False
168	4	she	90	False
168	5	carefully	90	False
168	6	boiled	90	False
168	7	the	90	False
168	8	grains	90	False
168	9	of	90	False
168	10	rice	90	True
168	11	on	90	False
168	12	the	90	False
168	13	counter.	90	False
169	1	She	90	False
169	2	used	90	False
169	3	the	90	False
169	4	pressure	90	False
169	5	cooker	90	False
169	6	to	90	False
169	7	steam	90	False
169	8	lots	90	False
169	9	of	90	False
169	10	rice	90	True
169	11	on	90	False
169	12	the	90	False
169	13	counter.	90	False
170	1	In	90	False
170	2	the	90	False
170	3	kitchen,	90	False
170	4	she	90	False
170	5	accidentally	90	False
170	6	spilled	90	False
170	7	a	90	False
170	8	bunch	90	False
170	9	of	90	False
170	10	rice	90	True
170	11	on	90	False
170	12	the	90	False
170	13	counter.	90	False
171	1	The	90	False
171	2	airport	90	False
171	3	was	90	False
171	4	crowded,	90	False
171	5	and	90	False
171	6	the	90	False
171	7	passengers	90	False
171	8	couldn't	90	False
171	9	board	90	False
171	10	the	90	False
171	11	plane	90	True
171	12	on	90	False
171	13	the	90	False
171	14	runway.	90	False
172	1	After	90	False
172	2	a	90	False
172	3	three	90	False
172	4	hour	90	False
172	5	wait,	90	False
172	6	the	90	False
172	7	passengers	90	False
172	8	could	90	False
172	9	see	90	False
172	10	the	90	False
172	11	plane	90	True
172	12	on	90	False
172	13	the	90	False
172	14	runway.	90	False
173	1	After	90	False
173	2	a	90	False
173	3	three	90	False
173	4	hour	90	False
173	5	wait,	90	False
173	6	the	90	False
173	7	men	90	False
173	8	could	90	False
173	9	see	90	False
173	10	the	90	False
173	11	plane	90	True
173	12	on	90	False
173	13	the	90	False
173	14	runway.	90	False
174	1	He	90	False
174	2	couldn't	90	False
174	3	reach	90	False
174	4	the	90	False
174	5	high	90	False
174	6	shelf	90	False
174	7	because	90	False
174	8	he	90	False
174	9	was	90	False
174	10	very	90	False
174	11	short	90	True
174	12	for	90	False
174	13	his	90	False
174	14	age.	90	False
175	1	The	90	False
175	2	big	90	False
175	3	kids	90	False
175	4	always	90	False
175	5	teased	90	False
175	6	Jason	90	False
175	7	because	90	False
175	8	he	90	False
175	9	was	90	False
175	10	very	90	False
175	11	short	90	True
175	12	for	90	False
175	13	his	90	False
175	14	age.	90	False
176	1	The	90	False
176	2	parents	90	False
176	3	were	90	False
176	4	worried	90	False
176	5	about	90	False
176	6	Jason	90	False
176	7	because	90	False
176	8	he	90	False
176	9	was	90	False
176	10	very	90	False
176	11	short	90	True
176	12	for	90	False
176	13	his	90	False
176	14	age.	90	False
177	1	The	90	False
177	2	web	90	False
177	3	had	90	False
177	4	been	90	False
177	5	spun	90	False
177	6	by	90	False
177	7	the	90	False
177	8	large	90	False
177	9	spider	90	True
177	10	on	90	False
177	11	our	90	False
177	12	porch.	90	False
178	1	My	90	False
178	2	older	90	False
178	3	brother	90	False
178	4	refused	90	False
178	5	to	90	False
178	6	touch	90	False
178	7	the	90	False
178	8	large	90	False
178	9	spider	90	True
178	10	on	90	False
178	11	our	90	False
178	12	porch.	90	False
179	1	My	90	False
179	2	husband	90	False
179	3	was	90	False
179	4	trying	90	False
179	5	to	90	False
179	6	catch	90	False
179	7	the	90	False
179	8	large	90	False
179	9	spider	90	True
179	10	on	90	False
179	11	our	90	False
179	12	porch.	90	False
180	1	Following	90	False
180	2	his	90	False
180	3	orders,	90	False
180	4	the	90	False
180	5	terrorist	90	False
180	6	threatened	90	False
180	7	to	90	False
180	8	drop	90	False
180	9	the	90	False
180	10	bomb	90	True
180	11	made	90	False
180	12	of	90	False
180	13	TNT.	90	False
181	1	To	90	False
181	2	destroy	90	False
181	3	the	90	False
181	4	building,	90	False
181	5	they	90	False
181	6	decided	90	False
181	7	to	90	False
181	8	use	90	False
181	9	the	90	False
181	10	bomb	90	True
181	11	made	90	False
181	12	of	90	False
181	13	TNT.	90	False
182	1	Jonathan	90	False
182	2	was	90	False
182	3	shocked	90	False
182	4	that	90	False
182	5	they	90	False
182	6	decided	90	False
182	7	to	90	False
182	8	use	90	False
182	9	the	90	False
182	10	bomb	90	True
182	11	made	90	False
182	12	of	90	False
182	13	TNT.	90	False
183	1	Old	90	False
183	2	McDonald	90	False
183	3	had	90	False
183	4	plenty	90	False
183	5	of	90	False
183	6	animals	90	False
183	7	on	90	False
183	8	his	90	False
183	9	farm	90	True
183	10	in	90	False
183	11	Pennsylvania.	90	False
184	1	My	90	False
184	2	uncle	90	False
184	3	planted	90	False
184	4	lots	90	False
184	5	of	90	False
184	6	trees	90	False
184	7	on	90	False
184	8	his	90	False
184	9	farm	90	True
184	10	in	90	False
184	11	Pennsylvania.	90	False
185	1	My	90	False
185	2	uncle	90	False
185	3	is	90	False
185	4	installing	90	False
185	5	solar	90	False
185	6	panels	90	False
185	7	on	90	False
185	8	his	90	False
185	9	farm	90	True
185	10	in	90	False
185	11	Pennsylvania.	90	False
186	1	The	90	False
186	2	child	90	False
186	3	couldn't	90	False
186	4	carry	90	False
186	5	the	90	False
186	6	luggage	90	False
186	7	because	90	False
186	8	it	90	False
186	9	was	90	False
186	10	too	90	False
186	11	heavy	90	True
186	12	and	90	False
186	13	bulky.	90	False
187	1	Ben	90	False
187	2	didn't	90	False
187	3	like	90	False
187	4	his	90	False
187	5	vacuum	90	False
187	6	cleaner	90	False
187	7	because	90	False
187	8	it	90	False
187	9	was	90	False
187	10	too	90	False
187	11	heavy	90	True
187	12	and	90	False
187	13	bulky.	90	False
188	1	The	90	False
188	2	hikers	90	False
188	3	didn't	90	False
188	4	buy	90	False
188	5	the	90	False
188	6	tent	90	False
188	7	because	90	False
188	8	it	90	False
188	9	was	90	False
188	10	too	90	False
188	11	heavy	90	True
188	12	and	90	False
188	13	bulky.	90	False
189	1	The	90	False
189	2	bride	90	False
189	3	refused	90	False
189	4	to	90	False
189	5	invite	90	False
189	6	her	90	False
189	7	father	90	False
189	8	to	90	False
189	9	the	90	False
189	10	wedding	90	True
189	11	for	90	False
189	12	some	90	False
189	13	reason.	90	False
190	1	Kathy	90	False
190	2	decided	90	False
190	3	not	90	False
190	4	to	90	False
190	5	invite	90	False
190	6	her	90	False
190	7	uncle	90	False
190	8	to	90	False
190	9	the	90	False
190	10	wedding	90	True
190	11	for	90	False
190	12	some	90	False
190	13	reason.	90	False
191	1	The	90	False
191	2	lazy	90	False
191	3	teenager	90	False
191	4	didn't	90	False
191	5	want	90	False
191	6	to	90	False
191	7	go	90	False
191	8	to	90	False
191	9	the	90	False
191	10	wedding	90	True
191	11	for	90	False
191	12	some	90	False
191	13	reason.	90	False
192	1	Susan	90	False
192	2	forgot	90	False
192	3	to	90	False
192	4	put	90	False
192	5	a	90	False
192	6	period	90	False
192	7	at	90	False
192	8	the	90	False
192	9	end	90	False
192	10	of	90	False
192	11	the	90	False
192	12	sentence	90	True
192	13	in	90	False
192	14	the	90	False
192	15	essay.	90	False
193	1	Susan	90	False
193	2	had	90	False
193	3	a	90	False
193	4	lot	90	False
193	5	of	90	False
193	6	trouble	90	False
193	7	understanding	90	False
193	8	the	90	False
193	9	end	90	False
193	10	of	90	False
193	11	the	90	False
193	12	sentence	90	True
193	13	in	90	False
193	14	the	90	False
193	15	essay.	90	False
194	1	The	90	False
194	2	substitute	90	False
194	3	teacher	90	False
194	4	was	90	False
194	5	pretty	90	False
194	6	impressed	90	False
194	7	by	90	False
194	8	the	90	False
194	9	length	90	False
194	10	of	90	False
194	11	the	90	False
194	12	sentence	90	True
194	13	in	90	False
194	14	the	90	False
194	15	essay.	90	False
195	1	It	90	False
195	2	was	90	False
195	3	dark	90	False
195	4	in	90	False
195	5	the	90	False
195	6	bedroom,	90	False
195	7	so	90	False
195	8	she	90	False
195	9	turned	90	False
195	10	on	90	False
195	11	the	90	False
195	12	light	90	True
195	13	in	90	False
195	14	the	90	False
195	15	corner.	90	False
196	1	She	90	False
196	2	couldn't	90	False
196	3	read	90	False
196	4	the	90	False
196	5	book	90	False
196	6	because	90	False
196	7	her	90	False
196	8	brother	90	False
196	9	was	90	False
196	10	blocking	90	False
196	11	the	90	False
196	12	light	90	True
196	13	in	90	False
196	14	the	90	False
196	15	corner.	90	False
197	1	You	90	False
197	2	can	90	False
197	3	damage	90	False
197	4	your	90	False
197	5	vision	90	False
197	6	if	90	False
197	7	you	90	False
197	8	keep	90	False
197	9	staring	90	False
197	10	at	90	False
197	11	the	90	False
197	12	light	90	True
197	13	in	90	False
197	14	the	90	False
197	15	corner.	90	False
198	1	The	90	False
198	2	tiny	90	False
198	3	maple	90	False
198	4	sapling	90	False
198	5	has	90	False
198	6	grown	90	False
198	7	into	90	False
198	8	a	90	False
198	9	large	90	False
198	10	tree	90	True
198	11	in	90	False
198	12	the	90	False
198	13	front	90	False
198	14	yard.	90	False
199	1	The	90	False
199	2	bicycle	90	False
199	3	was	90	False
199	4	swerving	90	False
199	5	and	90	False
199	6	crashed	90	False
199	7	into	90	False
199	8	a	90	False
199	9	large	90	False
199	10	tree	90	True
199	11	in	90	False
199	12	the	90	False
199	13	front	90	False
199	14	yard.	90	False
200	1	Joan	90	False
200	2	and	90	False
200	3	her	90	False
200	4	decorator	90	False
200	5	decided	90	False
200	6	to	90	False
200	7	add	90	False
200	8	a	90	False
200	9	large	90	False
200	10	tree	90	True
200	11	in	90	False
200	12	the	90	False
200	13	front	90	False
200	14	yard.	90	False
201	1	The	90	False
201	2	student	90	False
201	3	opened	90	False
201	4	his	90	False
201	5	notebook	90	False
201	6	and	90	False
201	7	pulled	90	False
201	8	out	90	False
201	9	a	90	False
201	10	piece	90	False
201	11	of	90	False
201	12	paper	90	True
201	13	for	90	False
201	14	taking	90	False
201	15	notes.	90	False
202	1	In	90	False
202	2	all	90	False
202	3	his	90	False
202	4	chemistry	90	False
202	5	classes,	90	False
202	6	the	90	False
202	7	student	90	False
202	8	used	90	False
202	9	a	90	False
202	10	lot	90	False
202	11	of	90	False
202	12	paper	90	True
202	13	for	90	False
202	14	taking	90	False
202	15	notes.	90	False
203	1	The	90	False
203	2	two	90	False
203	3	researchers	90	False
203	4	working	90	False
203	5	in	90	False
203	6	the	90	False
203	7	clinical	90	False
203	8	program	90	False
203	9	needed	90	False
203	10	lots	90	False
203	11	of	90	False
203	12	paper	90	True
203	13	for	90	False
203	14	taking	90	False
203	15	notes.	90	False
204	1	He	90	False
204	2	gathered	90	False
204	3	the	90	False
204	4	leaves	90	False
204	5	into	90	False
204	6	a	90	False
204	7	pile	90	False
204	8	using	90	False
204	9	a	90	False
204	10	rake	90	True
204	11	earlier	90	False
204	12	this	90	False
204	13	afternoon.	90	False
205	1	The	90	False
205	2	homeowner	90	False
205	3	was	90	False
205	4	cleaning	90	False
205	5	up	90	False
205	6	the	90	False
205	7	driveway	90	False
205	8	using	90	False
205	9	a	90	False
205	10	rake	90	True
205	11	earlier	90	False
205	12	this	90	False
205	13	afternoon.	90	False
206	1	He	90	False
206	2	tried	90	False
206	3	to	90	False
206	4	scare	90	False
206	5	off	90	False
206	6	the	90	False
206	7	animal	90	False
206	8	using	90	False
206	9	a	90	False
206	10	rake	90	True
206	11	earlier	90	False
206	12	this	90	False
206	13	afternoon.	90	False
207	1	To	90	False
207	2	read	90	False
207	3	the	90	False
207	4	prophecy,	90	False
207	5	he	90	False
207	6	unrolled	90	False
207	7	the	90	False
207	8	ancient	90	False
207	9	scroll	90	True
207	10	from	90	False
207	11	Germany.	90	False
208	1	While	90	False
208	2	visiting	90	False
208	3	court,	90	False
208	4	the	90	False
208	5	priest	90	False
208	6	read	90	False
208	7	the	90	False
208	8	ancient	90	False
208	9	scroll	90	True
208	10	from	90	False
208	11	Germany.	90	False
209	1	The	90	False
209	2	pair	90	False
209	3	of	90	False
209	4	thieves	90	False
209	5	recently	90	False
209	6	stole	90	False
209	7	the	90	False
209	8	ancient	90	False
209	9	scroll	90	True
209	10	from	90	False
209	11	Germany.	90	False
210	1	The	90	False
210	2	author	90	False
210	3	signed	90	False
210	4	a	90	False
210	5	copy	90	False
210	6	of	90	False
210	7	her	90	False
210	8	new	90	False
210	9	book	90	True
210	10	at	90	False
210	11	the	90	False
210	12	bookstore.	90	False
211	1	The	90	False
211	2	unsuccessful	90	False
211	3	student	90	False
211	4	went	90	False
211	5	to	90	False
211	6	buy	90	False
211	7	a	90	False
211	8	new	90	False
211	9	book	90	True
211	10	at	90	False
211	11	the	90	False
211	12	bookstore.	90	False
212	1	The	90	False
212	2	landlord	90	False
212	3	who	90	False
212	4	lived	90	False
212	5	downstairs	90	False
212	6	bought	90	False
212	7	a	90	False
212	8	new	90	False
212	9	book	90	True
212	10	at	90	False
212	11	the	90	False
212	12	bookstore.	90	False
213	1	The	90	False
213	2	referee	90	False
213	3	was	90	False
213	4	blowing	90	False
213	5	on	90	False
213	6	his	90	False
213	7	whistle	90	True
213	8	during	90	False
213	9	the	90	False
213	10	soccer	90	False
213	11	game.	90	False
214	1		90	False
214	2	of	90	False
214	3	the	90	False
214	4	players	90	False
214	5	heard	90	False
214	6	his	90	False
214	7	whistle	90	True
214	8	during	90	False
214	9	the	90	False
214	10	soccer	90	False
214	11	game.	90	False
215	1	My	90	False
215	2	brother	90	False
215	3	remembered	90	False
215	4	to	90	False
215	5	bring	90	False
215	6	his	90	False
215	7	whistle	90	True
215	8	during	90	False
215	9	the	90	False
215	10	soccer	90	False
215	11	game.	90	False
216	1	Then,	90	False
216	2	the	90	False
216	3	genie	90	False
216	4	granted	90	False
216	5	his	90	False
216	6	third	90	False
216	7	and	90	False
216	8	final	90	False
216	9	wish	90	True
216	10	from	90	False
216	11	the	90	False
216	12	lamp.	90	False
217	1	The	90	False
217	2	king	90	False
217	3	remembered	90	False
217	4	that	90	False
217	5	he	90	False
217	6	had	90	False
217	7	one	90	False
217	8	final	90	False
217	9	wish	90	True
217	10	from	90	False
217	11	the	90	False
217	12	lamp.	90	False
218	1	The	90	False
218	2	young	90	False
218	3	boy	90	False
218	4	had	90	False
218	5	forgotten	90	False
218	6	about	90	False
218	7	his	90	False
218	8	final	90	False
218	9	wish	90	True
218	10	from	90	False
218	11	the	90	False
218	12	lamp.	90	False
219	1	The	90	False
219	2	kids	90	False
219	3	thought	90	False
219	4	that	90	False
219	5	the	90	False
219	6	scary	90	False
219	7	old	90	False
219	8	woman	90	False
219	9	was	90	False
219	10	probably	90	False
219	11	a	90	False
219	12	witch	90	True
219	13	after	90	False
219	14	all.	90	False
220	1	For	90	False
220	2	Halloween	90	False
220	3	that	90	False
220	4	year	90	False
220	5	she	90	False
220	6	decided	90	False
220	7	to	90	False
220	8	dress	90	False
220	9	up	90	False
220	10	as	90	False
220	11	a	90	False
220	12	witch	90	True
220	13	after	90	False
220	14	all.	90	False
221	1	She	90	False
221	2	decided	90	False
221	3	that	90	False
221	4	she	90	False
221	5	shouldn't	90	False
221	6	write	90	False
221	7	a	90	False
221	8	children's	90	False
221	9	story	90	False
221	10	about	90	False
221	11	a	90	False
221	12	witch	90	True
221	13	after	90	False
221	14	all.	90	False
222	1	The	90	False
222	2	biologist	90	False
222	3	knew	90	False
222	4	that	90	False
222	5	there	90	False
222	6	were	90	False
222	7	bats	90	False
222	8	living	90	False
222	9	in	90	False
222	10	the	90	False
222	11	cave	90	True
222	12	in	90	False
222	13	the	90	False
222	14	woods.	90	False
223	1	The	90	False
223	2	biologist	90	False
223	3	knew	90	False
223	4	that	90	False
223	5	there	90	False
223	6	were	90	False
223	7	bears	90	False
223	8	living	90	False
223	9	in	90	False
223	10	the	90	False
223	11	cave	90	True
223	12	in	90	False
223	13	the	90	False
223	14	woods.	90	False
224	1	The	90	False
224	2	police	90	False
224	3	knew	90	False
224	4	that	90	False
224	5	there	90	False
224	6	were	90	False
224	7	people	90	False
224	8	living	90	False
224	9	in	90	False
224	10	the	90	False
224	11	cave	90	True
224	12	in	90	False
224	13	the	90	False
224	14	woods.	90	False
225	1	The	90	False
225	2	dentist	90	False
225	3	was	90	False
225	4	teaching	90	False
225	5	Emma	90	False
225	6	how	90	False
225	7	to	90	False
225	8	clean	90	False
225	9	her	90	False
225	10	teeth	90	True
225	11	before	90	False
225	12	bedtime.	90	False
226	1	Our	90	False
226	2	mother	90	False
226	3	told	90	False
226	4	my	90	False
226	5	sister	90	False
226	6	to	90	False
226	7	always	90	False
226	8	clean	90	False
226	9	her	90	False
226	10	teeth	90	True
226	11	before	90	False
226	12	bedtime.	90	False
227	1	The	90	False
227	2	nanny	90	False
227	3	reminded	90	False
227	4	my	90	False
227	5	sister	90	False
227	6	to	90	False
227	7	look	90	False
227	8	after	90	False
227	9	her	90	False
227	10	teeth	90	True
227	11	before	90	False
227	12	bedtime.	90	False
228	1	He	90	False
228	2	usually	90	False
228	3	eats	90	False
228	4	a	90	False
228	5	whole	90	False
228	6	orange	90	False
228	7	rather	90	False
228	8	than	90	False
228	9	just	90	False
228	10	drinking	90	False
228	11	the	90	False
228	12	juice	90	True
228	13	at	90	False
228	14	breakfast.	90	False
229	1	My	90	False
229	2	husband	90	False
229	3	was	90	False
229	4	flipping	90	False
229	5	the	90	False
229	6	pancakes	90	False
229	7	and	90	False
229	8	I	90	False
229	9	was	90	False
229	10	pouring	90	False
229	11	the	90	False
229	12	juice	90	True
229	13	at	90	False
229	14	breakfast.	90	False
230	1	The	90	False
230	2	elderly	90	False
230	3	man	90	False
230	4	started	90	False
230	5	to	90	False
230	6	choke	90	False
230	7	and	90	False
230	8	sputter	90	False
230	9	while	90	False
230	10	drinking	90	False
230	11	the	90	False
230	12	juice	90	True
230	13	at	90	False
230	14	breakfast.	90	False
231	1	He	90	False
231	2	made	90	False
231	3	a	90	False
231	4	dentist	90	False
231	5	appointment	90	False
231	6	to	90	False
231	7	extract	90	False
231	8	his	90	False
231	9	broken	90	False
231	10	tooth	90	True
231	11	that	90	False
231	12	was	90	False
231	13	infected.	90	False
232	1	He	90	False
232	2	had	90	False
232	3	difficulty	90	False
232	4	speaking	90	False
232	5	because	90	False
232	6	he	90	False
232	7	had	90	False
232	8	a	90	False
232	9	broken	90	False
232	10	tooth	90	True
232	11	that	90	False
232	12	was	90	False
232	13	infected.	90	False
233	1	After	90	False
233	2	some	90	False
233	3	discussion,	90	False
233	4	they	90	False
233	5	decided	90	False
233	6	to	90	False
233	7	remove	90	False
233	8	the	90	False
233	9	broken	90	False
233	10	tooth	90	True
233	11	that	90	False
233	12	was	90	False
233	13	infected.	90	False
234	1	The	90	False
234	2	senator	90	False
234	3	campaigned	90	False
234	4	in	90	False
234	5	order	90	False
234	6	to	90	False
234	7	win	90	False
234	8	the	90	False
234	9	election	90	True
234	10	that	90	False
234	11	was	90	False
234	12	weeks	90	False
234	13	away.	90	False
235	1	The	90	False
235	2	senator's	90	False
235	3	wife	90	False
235	4	was	90	False
235	5	very	90	False
235	6	angry	90	False
235	7	about	90	False
235	8	the	90	False
235	9	election	90	True
235	10	that	90	False
235	11	was	90	False
235	12	weeks	90	False
235	13	away.	90	False
236	1	My	90	False
236	2	roommate	90	False
236	3	needed	90	False
236	4	to	90	False
236	5	learn	90	False
236	6	more	90	False
236	7	about	90	False
236	8	the	90	False
236	9	election	90	True
236	10	that	90	False
236	11	was	90	False
236	12	weeks	90	False
236	13	away.	90	False
237	1	The	90	False
237	2	barber	90	False
237	3	gave	90	False
237	4	Brian	90	False
237	5	a	90	False
237	6	nice	90	False
237	7	looking	90	False
237	8	haircut	90	True
237	9	with	90	False
237	10	clean	90	False
237	11	lines.	90	False
238	1	That	90	False
238	2	weekend,	90	False
238	3	Brian	90	False
238	4	got	90	False
238	5	a	90	False
238	6	nice	90	False
238	7	looking	90	False
238	8	haircut	90	True
238	9	with	90	False
238	10	clean	90	False
238	11	lines.	90	False
239	1	We	90	False
239	2	noticed	90	False
239	3	Brian	90	False
239	4	had	90	False
239	5	a	90	False
239	6	nice	90	False
239	7	looking	90	False
239	8	haircut	90	True
239	9	with	90	False
239	10	clean	90	False
239	11	lines.	90	False
240	1	Because	90	False
240	2	Peter	90	False
240	3	never	90	False
240	4	told	90	False
240	5	the	90	False
240	6	truth,	90	False
240	7	everyone	90	False
240	8	knew	90	False
240	9	he	90	False
240	10	was	90	False
240	11	a	90	False
240	12	liar	90	True
240	13	with	90	False
240	14	real	90	False
240	15	issues.	90	False
241	1	When	90	False
241	2	Peter's	90	False
241	3	dark	90	False
241	4	secret	90	False
241	5	was	90	False
241	6	discovered,	90	False
241	7	everyone	90	False
241	8	knew	90	False
241	9	he	90	False
241	10	was	90	False
241	11	a	90	False
241	12	liar	90	True
241	13	with	90	False
241	14	real	90	False
241	15	issues.	90	False
242	1	When	90	False
242	2	Peter	90	False
242	3	got	90	False
242	4	out	90	False
242	5	of	90	False
242	6	prison,	90	False
242	7	everyone	90	False
242	8	knew	90	False
242	9	he	90	False
242	10	was	90	False
242	11	a	90	False
242	12	liar	90	True
242	13	with	90	False
242	14	real	90	False
242	15	issues.	90	False
243	1	Jack	90	False
243	2	forgot	90	False
243	3	about	90	False
243	4	the	90	False
243	5	cookies	90	False
243	6	baking	90	False
243	7	in	90	False
243	8	the	90	False
243	9	oven	90	True
243	10	at	90	False
243	11	home.	90	False
244	1	Jack	90	False
244	2	remembered	90	False
244	3	that	90	False
244	4	he	90	False
244	5	left	90	False
244	6	something	90	False
244	7	in	90	False
244	8	the	90	False
244	9	oven	90	True
244	10	at	90	False
244	11	home.	90	False
245	1	Jack	90	False
245	2	remembered	90	False
245	3	that	90	False
245	4	he	90	False
245	5	needed	90	False
245	6	to	90	False
245	7	clean	90	False
245	8	the	90	False
245	9	oven	90	True
245	10	at	90	False
245	11	home.	90	False
246	1	In	90	False
246	2	the	90	False
246	3	election,	90	False
246	4	people	90	False
246	5	younger	90	False
246	6	than	90	False
246	7	eighteen	90	False
246	8	aren't	90	False
246	9	allowed	90	False
246	10	to	90	False
246	11	vote	90	True
246	12	for	90	False
246	13	some	90	False
246	14	reason.	90	False
247	1	In	90	False
247	2	countries	90	False
247	3	with	90	False
247	4	strict	90	False
247	5	religious	90	False
247	6	codes,	90	False
247	7	women	90	False
247	8	aren't	90	False
247	9	allowed	90	False
247	10	to	90	False
247	11	vote	90	True
247	12	for	90	False
247	13	some	90	False
247	14	reason.	90	False
248	1	On	90	False
248	2	some	90	False
248	3	campuses,	90	False
248	4	many	90	False
248	5	of	90	False
248	6	the	90	False
248	7	students	90	False
248	8	don't	90	False
248	9	want	90	False
248	10	to	90	False
248	11	vote	90	True
248	12	for	90	False
248	13	some	90	False
248	14	reason.	90	False
249	1	The	90	False
249	2	pill	90	False
249	3	I	90	False
249	4	just	90	False
249	5	swallowed	90	False
249	6	is	90	False
249	7	stuck	90	False
249	8	in	90	False
249	9	my	90	False
249	10	throat	90	True
249	11	which	90	False
249	12	is	90	False
249	13	uncomfortable.	90	False
250	1	The	90	False
250	2	doctor	90	False
250	3	said	90	False
250	4	I	90	False
250	5	have	90	False
250	6	something	90	False
250	7	stuck	90	False
250	8	in	90	False
250	9	my	90	False
250	10	throat	90	True
250	11	which	90	False
250	12	is	90	False
250	13	uncomfortable.	90	False
251	1	The	90	False
251	2	doctor	90	False
251	3	isn't	90	False
251	4	able	90	False
251	5	to	90	False
251	6	do	90	False
251	7	anything	90	False
251	8	about	90	False
251	9	my	90	False
251	10	throat	90	True
251	11	which	90	False
251	12	is	90	False
251	13	uncomfortable.	90	False
252	1	To	90	False
252	2	wash	90	False
252	3	your	90	False
252	4	clothes	90	False
252	5	whiter,	90	False
252	6	you	90	False
252	7	should	90	False
252	8	add	90	False
252	9	a	90	False
252	10	little	90	False
252	11	bleach	90	True
252	12	to	90	False
252	13	the	90	False
252	14	water.	90	False
253	1	To	90	False
253	2	kill	90	False
253	3	all	90	False
253	4	the	90	False
253	5	bacteria,	90	False
253	6	you	90	False
253	7	should	90	False
253	8	add	90	False
253	9	a	90	False
253	10	little	90	False
253	11	bleach	90	True
253	12	to	90	False
253	13	the	90	False
253	14	water.	90	False
254	1	To	90	False
254	2	prepare	90	False
254	3	the	90	False
254	4	next	90	False
254	5	sample,	90	False
254	6	you	90	False
254	7	should	90	False
254	8	add	90	False
254	9	a	90	False
254	10	little	90	False
254	11	bleach	90	True
254	12	to	90	False
254	13	the	90	False
254	14	water.	90	False
255	1	The	90	False
255	2	climbers	90	False
255	3	and	90	False
255	4	guide	90	False
255	5	were	90	False
255	6	attached	90	False
255	7	to	90	False
255	8	each	90	False
255	9	other	90	False
255	10	by	90	False
255	11	a	90	False
255	12	rope	90	True
255	13	made	90	False
255	14	of	90	False
255	15	nylon.	90	False
256	1	The	90	False
256	2	skilled	90	False
256	3	cave	90	False
256	4	explorer	90	False
256	5	remembered	90	False
256	6	to	90	False
256	7	bring	90	False
256	8	his	90	False
256	9	flashlight	90	False
256	10	and	90	False
256	11	a	90	False
256	12	rope	90	True
256	13	made	90	False
256	14	of	90	False
256	15	nylon.	90	False
257	1	When	90	False
257	2	Jeff	90	False
257	3	went	90	False
257	4	to	90	False
257	5	the	90	False
257	6	sports	90	False
257	7	equipment	90	False
257	8	store,	90	False
257	9	he	90	False
257	10	bought	90	False
257	11	a	90	False
257	12	rope	90	True
257	13	made	90	False
257	14	of	90	False
257	15	nylon.	90	False
258	1	Before	90	False
258	2	proposing	90	False
258	3	to	90	False
258	4	his	90	False
258	5	girlfriend	90	False
258	6	he	90	False
258	7	would	90	False
258	8	need	90	False
258	9	a	90	False
258	10	ring	90	True
258	11	with	90	False
258	12	a	90	False
258	13	big	90	False
258	14	diamond.	90	False
259	1	For	90	False
259	2	my	90	False
259	3	fiancée's	90	False
259	4	upcoming	90	False
259	5	birthday	90	False
259	6	I	90	False
259	7	bought	90	False
259	8	her	90	False
259	9	a	90	False
259	10	ring	90	True
259	11	with	90	False
259	12	a	90	False
259	13	big	90	False
259	14	diamond.	90	False
260	1	After	90	False
260	2	receiving	90	False
260	3	her	90	False
260	4	paycheck	90	False
260	5	she	90	False
260	6	wanted	90	False
260	7	to	90	False
260	8	buy	90	False
260	9	a	90	False
260	10	ring	90	True
260	11	with	90	False
260	12	a	90	False
260	13	big	90	False
260	14	diamond.	90	False
261	1	The	90	False
261	2	owner	90	False
261	3	paid	90	False
261	4	the	90	False
261	5	children	90	False
261	6	to	90	False
261	7	mow	90	False
261	8	the	90	False
261	9	lawn	90	True
261	10	in	90	False
261	11	front	90	False
261	12	of	90	False
261	13	his	90	False
261	14	house.	90	False
262	1	We	90	False
262	2	saw	90	False
262	3	our	90	False
262	4	neighbor	90	False
262	5	was	90	False
262	6	working	90	False
262	7	on	90	False
262	8	the	90	False
262	9	lawn	90	True
262	10	in	90	False
262	11	front	90	False
262	12	of	90	False
262	13	his	90	False
262	14	house.	90	False
263	1	We	90	False
263	2	saw	90	False
263	3	the	90	False
263	4	man	90	False
263	5	walking	90	False
263	6	barefoot	90	False
263	7	across	90	False
263	8	the	90	False
263	9	lawn	90	True
263	10	in	90	False
263	11	front	90	False
263	12	of	90	False
263	13	his	90	False
263	14	house.	90	False
264	1	The	90	False
264	2	gym	90	False
264	3	won't	90	False
264	4	let	90	False
264	5	me	90	False
264	6	swim	90	False
264	7	in	90	False
264	8	their	90	False
264	9	heated	90	False
264	10	pool	90	True
264	11	after	90	False
264	12	nightfall.	90	False
265	1	They	90	False
265	2	needed	90	False
265	3	to	90	False
265	4	add	90	False
265	5	more	90	False
265	6	water	90	False
265	7	to	90	False
265	8	the	90	False
265	9	heated	90	False
265	10	pool	90	True
265	11	after	90	False
265	12	nightfall.	90	False
266	1	The	90	False
266	2	men	90	False
266	3	said	90	False
266	4	that	90	False
266	5	I	90	False
266	6	shouldn't	90	False
266	7	approach	90	False
266	8	the	90	False
266	9	heated	90	False
266	10	pool	90	True
266	11	after	90	False
266	12	nightfall.	90	False
267	1	During	90	False
267	2	her	90	False
267	3	painful	90	False
267	4	headache,	90	False
267	5	she	90	False
267	6	took	90	False
267	7	a	90	False
267	8	Tylenol	90	False
267	9	to	90	False
267	10	get	90	False
267	11	some	90	False
267	12	relief	90	True
267	13	like	90	False
267	14	we	90	False
267	15	suggested.	90	False
268	1	The	90	False
268	2	old	90	False
268	3	woman	90	False
268	4	with	90	False
268	5	the	90	False
268	6	painful	90	False
268	7	sunburn	90	False
268	8	tried	90	False
268	9	to	90	False
268	10	get	90	False
268	11	some	90	False
268	12	relief	90	True
268	13	like	90	False
268	14	we	90	False
268	15	suggested.	90	False
269	1	She	90	False
269	2	decided	90	False
269	3	they	90	False
269	4	should	90	False
269	5	take	90	False
269	6	an	90	False
269	7	extended	90	False
269	8	vacation	90	False
269	9	to	90	False
269	10	get	90	False
269	11	some	90	False
269	12	relief	90	True
269	13	like	90	False
269	14	we	90	False
269	15	suggested.	90	False
270	1	His	90	False
270	2	green	90	False
270	3	pen	90	False
270	4	had	90	False
270	5	just	90	False
270	6	run	90	False
270	7	out	90	False
270	8	of	90	False
270	9	ink	90	True
270	10	in	90	False
270	11	the	90	False
270	12	office.	90	False
271	1	The	90	False
271	2	famous	90	False
271	3	writer	90	False
271	4	had	90	False
271	5	just	90	False
271	6	run	90	False
271	7	out	90	False
271	8	of	90	False
271	9	ink	90	True
271	10	in	90	False
271	11	the	90	False
271	12	office.	90	False
272	1	The	90	False
272	2	supply	90	False
272	3	cabinet	90	False
272	4	had	90	False
272	5	just	90	False
272	6	run	90	False
272	7	out	90	False
272	8	of	90	False
272	9	ink	90	True
272	10	in	90	False
272	11	the	90	False
272	12	office.	90	False
273	1	My	90	False
273	2	wife	90	False
273	3	hangs	90	False
273	4	the	90	False
273	5	wet	90	False
273	6	clothes	90	False
273	7	outside	90	False
273	8	to	90	False
273	9	dry	90	True
273	10	behind	90	False
273	11	the	90	False
273	12	barn.	90	False
274	1	The	90	False
274	2	farmer	90	False
274	3	was	90	False
274	4	waiting	90	False
274	5	for	90	False
274	6	the	90	False
274	7	field	90	False
274	8	to	90	False
274	9	dry	90	True
274	10	behind	90	False
274	11	the	90	False
274	12	barn.	90	False
275	1	The	90	False
275	2	driver	90	False
275	3	was	90	False
275	4	waiting	90	False
275	5	for	90	False
275	6	the	90	False
275	7	car	90	False
275	8	to	90	False
275	9	dry	90	True
275	10	behind	90	False
275	11	the	90	False
275	12	barn.	90	False
276	1	Late	90	False
276	2	at	90	False
276	3	the	90	False
276	4	office,	90	False
276	5	Victor	90	False
276	6	can	90	False
276	7	always	90	False
276	8	be	90	False
276	9	found	90	False
276	10	sitting	90	False
276	11	at	90	False
276	12	his	90	False
276	13	desk	90	True
276	14	near	90	False
276	15	the	90	False
276	16	window.	90	False
277	1	My	90	False
277	2	friend	90	False
277	3	always	90	False
277	4	kept	90	False
277	5	a	90	False
277	6	large	90	False
277	7	bag	90	False
277	8	of	90	False
277	9	chocolate	90	False
277	10	bars	90	False
277	11	in	90	False
277	12	his	90	False
277	13	desk	90	True
277	14	near	90	False
277	15	the	90	False
277	16	window.	90	False
278	1	When	90	False
278	2	I	90	False
278	3	came	90	False
278	4	home	90	False
278	5	yesterday,	90	False
278	6	I	90	False
278	7	saw	90	False
278	8	that	90	False
278	9	Victor	90	False
278	10	was	90	False
278	11	fixing	90	False
278	12	his	90	False
278	13	desk	90	True
278	14	near	90	False
278	15	the	90	False
278	16	window.	90	False
279	1	The	90	False
279	2	boy	90	False
279	3	scouts	90	False
279	4	hurried	90	False
279	5	back	90	False
279	6	to	90	False
279	7	set	90	False
279	8	up	90	False
279	9	camp	90	True
279	10	after	90	False
279	11	the	90	False
279	12	storm	90	False
279	13	lifted.	90	False
280	1	The	90	False
280	2	cheerful	90	False
280	3	woman	90	False
280	4	hurried	90	False
280	5	over	90	False
280	6	to	90	False
280	7	set	90	False
280	8	up	90	False
280	9	camp	90	True
280	10	after	90	False
280	11	the	90	False
280	12	storm	90	False
280	13	lifted.	90	False
281	1	We	90	False
281	2	watched	90	False
281	3	my	90	False
281	4	nephew	90	False
281	5	try	90	False
281	6	to	90	False
281	7	set	90	False
281	8	up	90	False
281	9	camp	90	True
281	10	after	90	False
281	11	the	90	False
281	12	storm	90	False
281	13	lifted.	90	False
282	1	Camels	90	False
282	2	can	90	False
282	3	travel	90	False
282	4	across	90	False
282	5	the	90	False
282	6	hot	90	False
282	7	sands	90	False
282	8	of	90	False
282	9	the	90	False
282	10	desert	90	True
282	11	in	90	False
282	12	Algeria.	90	False
283	1	Somehow,	90	False
283	2	farmers	90	False
283	3	were	90	False
283	4	able	90	False
283	5	to	90	False
283	6	grow	90	False
283	7	crops	90	False
283	8	in	90	False
283	9	the	90	False
283	10	desert	90	True
283	11	in	90	False
283	12	Algeria.	90	False
284	1	The	90	False
284	2	young	90	False
284	3	students	90	False
284	4	learned	90	False
284	5	some	90	False
284	6	interesting	90	False
284	7	facts	90	False
284	8	about	90	False
284	9	the	90	False
284	10	desert	90	True
284	11	in	90	False
284	12	Algeria.	90	False
285	1	I	90	False
285	2	asked	90	False
285	3	the	90	False
285	4	maid	90	False
285	5	to	90	False
285	6	change	90	False
285	7	the	90	False
285	8	sheets	90	False
285	9	on	90	False
285	10	the	90	False
285	11	bed	90	True
285	12	in	90	False
285	13	the	90	False
285	14	guestroom.	90	False
286	1	The	90	False
286	2	chief	90	False
286	3	of	90	False
286	4	police	90	False
286	5	found	90	False
286	6	the	90	False
286	7	suicide	90	False
286	8	note	90	False
286	9	on	90	False
286	10	the	90	False
286	11	bed	90	True
286	12	in	90	False
286	13	the	90	False
286	14	guestroom.	90	False
287	1	There	90	False
287	2	was	90	False
287	3	a	90	False
287	4	large	90	False
287	5	pile	90	False
287	6	of	90	False
287	7	dirty	90	False
287	8	towels	90	False
287	9	on	90	False
287	10	the	90	False
287	11	bed	90	True
287	12	in	90	False
287	13	the	90	False
287	14	guestroom.	90	False
288	1	Using	90	False
288	2	ice	90	False
288	3	and	90	False
288	4	snow,	90	False
288	5	the	90	False
288	6	traditional	90	False
288	7	Eskimo	90	False
288	8	family	90	False
288	9	built	90	False
288	10	a	90	False
288	11	small	90	False
288	12	igloo	90	True
288	13	on	90	False
288	14	a	90	False
288	15	hill.	90	False
289	1	To	90	False
289	2	get	90	False
289	3	warm,	90	False
289	4	the	90	False
289	5	two	90	False
289	6	arctic	90	False
289	7	explorers	90	False
289	8	climbed	90	False
289	9	inside	90	False
289	10	a	90	False
289	11	small	90	False
289	12	igloo	90	True
289	13	on	90	False
289	14	a	90	False
289	15	hill.	90	False
290	1	The	90	False
290	2	shivering	90	False
290	3	family	90	False
290	4	was	90	False
290	5	huddled	90	False
290	6	in	90	False
290	7	the	90	False
290	8	shelter	90	False
290	9	of	90	False
290	10	a	90	False
290	11	small	90	False
290	12	igloo	90	True
290	13	on	90	False
290	14	a	90	False
290	15	hill.	90	False
291	1	Because	90	False
291	2	the	90	False
291	3	work	90	False
291	4	was	90	False
291	5	repetitive,	90	False
291	6	he	90	False
291	7	thought	90	False
291	8	it	90	False
291	9	was	90	False
291	10	boring	90	True
291	11	and	90	False
291	12	dull.	90	False
292	1	He	90	False
292	2	visited	90	False
292	3	the	90	False
292	4	museum,	90	False
292	5	and	90	False
292	6	he	90	False
292	7	thought	90	False
292	8	it	90	False
292	9	was	90	False
292	10	boring	90	True
292	11	and	90	False
292	12	dull.	90	False
293	1	He	90	False
293	2	visited	90	False
293	3	the	90	False
293	4	catacombs,	90	False
293	5	and	90	False
293	6	he	90	False
293	7	thought	90	False
293	8	it	90	False
293	9	was	90	False
293	10	boring	90	True
293	11	and	90	False
293	12	dull.	90	False
294	1	The	90	False
294	2	bride	90	False
294	3	covered	90	False
294	4	her	90	False
294	5	face	90	False
294	6	with	90	False
294	7	a	90	False
294	8	veil	90	True
294	9	made	90	False
294	10	of	90	False
294	11	silk.	90	False
295	1	She	90	False
295	2	wore	90	False
295	3	a	90	False
295	4	beautiful	90	False
295	5	gown	90	False
295	6	and	90	False
295	7	a	90	False
295	8	veil	90	True
295	9	made	90	False
295	10	of	90	False
295	11	silk.	90	False
296	1	The	90	False
296	2	seamstress	90	False
296	3	sewed	90	False
296	4	two	90	False
296	5	sheets	90	False
296	6	and	90	False
296	7	a	90	False
296	8	veil	90	True
296	9	made	90	False
296	10	of	90	False
296	11	silk.	90	False
297	1	To	90	False
297	2	display	90	False
297	3	the	90	False
297	4	roses,	90	False
297	5	Katie	90	False
297	6	put	90	False
297	7	them	90	False
297	8	in	90	False
297	9	an	90	False
297	10	expensive	90	False
297	11	vase	90	True
297	12	made	90	False
297	13	of	90	False
297	14	porcelain.	90	False
298	1	The	90	False
298	2	collector	90	False
298	3	of	90	False
298	4	Chinese	90	False
298	5	artifacts	90	False
298	6	had	90	False
298	7	just	90	False
298	8	acquired	90	False
298	9	the	90	False
298	10	expensive	90	False
298	11	vase	90	True
298	12	made	90	False
298	13	of	90	False
298	14	porcelain.	90	False
299	1	The	90	False
299	2	young	90	False
299	3	couple	90	False
299	4	paid	90	False
299	5	lots	90	False
299	6	of	90	False
299	7	money	90	False
299	8	for	90	False
299	9	the	90	False
299	10	expensive	90	False
299	11	vase	90	True
299	12	made	90	False
299	13	of	90	False
299	14	porcelain.	90	False
300	1	They	90	False
300	2	got	90	False
300	3	a	90	False
300	4	loan	90	False
300	5	to	90	False
300	6	start	90	False
300	7	their	90	False
300	8	own	90	False
300	9	small	90	False
300	10	business	90	True
300	11	in	90	False
300	12	Wichita.	90	False
301	1	My	90	False
301	2	roommate	90	False
301	3	was	90	False
301	4	hoping	90	False
301	5	to	90	False
301	6	build	90	False
301	7	his	90	False
301	8	own	90	False
301	9	small	90	False
301	10	business	90	True
301	11	in	90	False
301	12	Wichita.	90	False
302	1	They	90	False
302	2	needed	90	False
302	3	some	90	False
302	4	land	90	False
302	5	to	90	False
302	6	build	90	False
302	7	their	90	False
302	8	own	90	False
302	9	small	90	False
302	10	business	90	True
302	11	in	90	False
302	12	Wichita.	90	False
303	1	Santa	90	False
303	2	lands	90	False
303	3	on	90	False
303	4	the	90	False
303	5	roof	90	False
303	6	and	90	False
303	7	comes	90	False
303	8	down	90	False
303	9	through	90	False
303	10	the	90	False
303	11	chimney	90	True
303	12	of	90	False
303	13	the	90	False
303	14	house.	90	False
304	1	The	90	False
304	2	firefighter	90	False
304	3	noticed	90	False
304	4	there	90	False
304	5	was	90	False
304	6	smoke	90	False
304	7	coming	90	False
304	8	out	90	False
304	9	of	90	False
304	10	the	90	False
304	11	chimney	90	True
304	12	of	90	False
304	13	the	90	False
304	14	house.	90	False
305	1	Every	90	False
305	2	Spring,	90	False
305	3	my	90	False
305	4	family	90	False
305	5	cleans	90	False
305	6	out	90	False
305	7	the	90	False
305	8	basement	90	False
305	9	and	90	False
305	10	the	90	False
305	11	chimney	90	True
305	12	of	90	False
305	13	the	90	False
305	14	house.	90	False
306	1	The	90	False
306	2	cashier	90	False
306	3	asked	90	False
306	4	the	90	False
306	5	customer	90	False
306	6	to	90	False
306	7	swipe	90	False
306	8	his	90	False
306	9	card	90	True
306	10	once	90	False
306	11	again.	90	False
307	1	Johnathan	90	False
307	2	told	90	False
307	3	the	90	False
307	4	banker	90	False
307	5	that	90	False
307	6	he'd	90	False
307	7	lost	90	False
307	8	his	90	False
307	9	card	90	True
307	10	once	90	False
307	11	again.	90	False
308	1	At	90	False
308	2	security,	90	False
308	3	the	90	False
308	4	guards	90	False
308	5	needed	90	False
308	6	to	90	False
308	7	inspect	90	False
308	8	his	90	False
308	9	card	90	True
308	10	once	90	False
308	11	again.	90	False
309	1	They	90	False
309	2	had	90	False
309	3	to	90	False
309	4	walk	90	False
309	5	single	90	False
309	6	file	90	False
309	7	because	90	False
309	8	the	90	False
309	9	path	90	False
309	10	was	90	False
309	11	too	90	False
309	12	narrow	90	True
309	13	and	90	False
309	14	cramped.	90	False
310	1	They	90	False
310	2	decided	90	False
310	3	to	90	False
310	4	use	90	False
310	5	the	90	False
310	6	elevator	90	False
310	7	because	90	False
310	8	the	90	False
310	9	stairwell	90	False
310	10	was	90	False
310	11	too	90	False
310	12	narrow	90	True
310	13	and	90	False
310	14	cramped.	90	False
311	1	They	90	False
311	2	decided	90	False
311	3	not	90	False
311	4	to	90	False
311	5	go	90	False
311	6	rafting	90	False
311	7	because	90	False
311	8	the	90	False
311	9	river	90	False
311	10	was	90	False
311	11	too	90	False
311	12	narrow	90	True
311	13	and	90	False
311	14	cramped.	90	False
312	1	The	90	False
312	2	audience	90	False
312	3	shouted	90	False
312	4	"""boo!"""	90	False
312	5	until	90	False
312	6	the	90	False
312	7	actor	90	False
312	8	walked	90	False
312	9	off	90	False
312	10	the	90	False
312	11	stage	90	True
312	12	all	90	False
312	13	by	90	False
312	14	himself.	90	False
313	1	The	90	False
313	2	technician	90	False
313	3	had	90	False
313	4	to	90	False
313	5	adjust	90	False
313	6	all	90	False
313	7	the	90	False
313	8	lights	90	False
313	9	above	90	False
313	10	the	90	False
313	11	stage	90	True
313	12	all	90	False
313	13	by	90	False
313	14	himself.	90	False
314	1	When	90	False
314	2	we	90	False
314	3	walked	90	False
314	4	inside,	90	False
314	5	we	90	False
314	6	all	90	False
314	7	saw	90	False
314	8	Johnathan	90	False
314	9	on	90	False
314	10	the	90	False
314	11	stage	90	True
314	12	all	90	False
314	13	by	90	False
314	14	himself.	90	False
315	1	The	90	False
315	2	artist	90	False
315	3	dipped	90	False
315	4	her	90	False
315	5	brush	90	False
315	6	into	90	False
315	7	a	90	False
315	8	fresh	90	False
315	9	can	90	False
315	10	of	90	False
315	11	paint	90	True
315	12	for	90	False
315	13	the	90	False
315	14	mural.	90	False
316	1	At	90	False
316	2	Home	90	False
316	3	Depot	90	False
316	4	they	90	False
316	5	didn't	90	False
316	6	sell	90	False
316	7	the	90	False
316	8	right	90	False
316	9	kind	90	False
316	10	of	90	False
316	11	paint	90	True
316	12	for	90	False
316	13	the	90	False
316	14	mural.	90	False
317	1	Erica	90	False
317	2	had	90	False
317	3	always	90	False
317	4	wanted	90	False
317	5	to	90	False
317	6	try	90	False
317	7	a	90	False
317	8	new	90	False
317	9	type	90	False
317	10	of	90	False
317	11	paint	90	True
317	12	for	90	False
317	13	the	90	False
317	14	mural.	90	False
318	1	She	90	False
318	2	smothered	90	False
318	3	the	90	False
318	4	sandwich	90	False
318	5	with	90	False
318	6	peanut	90	False
318	7	butter	90	False
318	8	and	90	False
318	9	lots	90	False
318	10	of	90	False
318	11	jelly	90	True
318	12	made	90	False
318	13	from	90	False
318	14	raspberries.	90	False
319	1	Every	90	False
319	2	Spring,	90	False
319	3	the	90	False
319	4	farmers	90	False
319	5	would	90	False
319	6	make	90	False
319	7	jam	90	False
319	8	and	90	False
319	9	lots	90	False
319	10	of	90	False
319	11	jelly	90	True
319	12	made	90	False
319	13	from	90	False
319	14	raspberries.	90	False
320	1	At	90	False
320	2	Costco,	90	False
320	3	she	90	False
320	4	bought	90	False
320	5	some	90	False
320	6	crisp	90	False
320	7	apples	90	False
320	8	and	90	False
320	9	lots	90	False
320	10	of	90	False
320	11	jelly	90	True
320	12	made	90	False
320	13	from	90	False
320	14	raspberries.	90	False
321	1	They	90	False
321	2	were	90	False
321	3	cutting	90	False
321	4	the	90	False
321	5	cake	90	False
321	6	using	90	False
321	7	a	90	False
321	8	silver	90	False
321	9	knife	90	True
321	10	that	90	False
321	11	was	90	False
321	12	valuable.	90	False
322	1	We	90	False
322	2	decided	90	False
322	3	to	90	False
322	4	buy	90	False
322	5	the	90	False
322	6	cook	90	False
322	7	a	90	False
322	8	silver	90	False
322	9	knife	90	True
322	10	that	90	False
322	11	was	90	False
322	12	valuable.	90	False
323	1	When	90	False
323	2	my	90	False
323	3	grandfather	90	False
323	4	died,	90	False
323	5	I	90	False
323	6	inherited	90	False
323	7	a	90	False
323	8	silver	90	False
323	9	knife	90	True
323	10	that	90	False
323	11	was	90	False
323	12	valuable.	90	False
324	1	Sarah	90	False
324	2	pulled	90	False
324	3	the	90	False
324	4	book	90	False
324	5	off	90	False
324	6	the	90	False
324	7	shelf	90	True
324	8	in	90	False
324	9	the	90	False
324	10	study.	90	False
325	1	Sarah	90	False
325	2	arranged	90	False
325	3	the	90	False
325	4	items	90	False
325	5	on	90	False
325	6	the	90	False
325	7	shelf	90	True
325	8	in	90	False
325	9	the	90	False
325	10	study.	90	False
326	1	Sarah	90	False
326	2	noticed	90	False
326	3	the	90	False
326	4	mouse	90	False
326	5	on	90	False
326	6	the	90	False
326	7	shelf	90	True
326	8	in	90	False
326	9	the	90	False
326	10	study.	90	False
327	1	Before	90	False
327	2	eating	90	False
327	3	dinner,	90	False
327	4	the	90	False
327	5	family	90	False
327	6	held	90	False
327	7	hands	90	False
327	8	to	90	False
327	9	say	90	False
327	10	grace	90	True
327	11	around	90	False
327	12	the	90	False
327	13	table.	90	False
328	1	The	90	False
328	2	family	90	False
328	3	wondered	90	False
328	4	whether	90	False
328	5	the	90	False
328	6	visitors	90	False
328	7	wanted	90	False
328	8	to	90	False
328	9	say	90	False
328	10	grace	90	True
328	11	around	90	False
328	12	the	90	False
328	13	table.	90	False
329	1	Timmy	90	False
329	2	listened	90	False
329	3	to	90	False
329	4	hear	90	False
329	5	if	90	False
329	6	the	90	False
329	7	men	90	False
329	8	would	90	False
329	9	say	90	False
329	10	grace	90	True
329	11	around	90	False
329	12	the	90	False
329	13	table.	90	False
330	1	The	90	False
330	2	old	90	False
330	3	couple	90	False
330	4	sat	90	False
330	5	together	90	False
330	6	without	90	False
330	7	speaking	90	False
330	8	a	90	False
330	9	single	90	False
330	10	word	90	True
330	11	the	90	False
330	12	entire	90	False
330	13	time.	90	False
331	1	Despite	90	False
331	2	his	90	False
331	3	best	90	False
331	4	efforts,	90	False
331	5	he	90	False
331	6	couldn't	90	False
331	7	recognize	90	False
331	8	a	90	False
331	9	single	90	False
331	10	word	90	True
331	11	the	90	False
331	12	entire	90	False
331	13	time.	90	False
332	1	During	90	False
332	2	his	90	False
332	3	stay,	90	False
332	4	the	90	False
332	5	visitor	90	False
332	6	only	90	False
332	7	used	90	False
332	8	a	90	False
332	9	single	90	False
332	10	word	90	True
332	11	the	90	False
332	12	entire	90	False
332	13	time.	90	False
333	1	Even	90	False
333	2	the	90	False
333	3	professional	90	False
333	4	dry	90	False
333	5	cleaner	90	False
333	6	wasn't	90	False
333	7	able	90	False
333	8	to	90	False
333	9	remove	90	False
333	10	the	90	False
333	11	stain	90	True
333	12	on	90	False
333	13	his	90	False
333	14	jacket.	90	False
334	1	My	90	False
334	2	roommate	90	False
334	3	needed	90	False
334	4	some	90	False
334	5	advice	90	False
334	6	on	90	False
334	7	how	90	False
334	8	to	90	False
334	9	remove	90	False
334	10	the	90	False
334	11	stain	90	True
334	12	on	90	False
334	13	his	90	False
334	14	jacket.	90	False
335	1	During	90	False
335	2	the	90	False
335	3	wedding	90	False
335	4	reception,	90	False
335	5	all	90	False
335	6	of	90	False
335	7	the	90	False
335	8	guests	90	False
335	9	noticed	90	False
335	10	the	90	False
335	11	stain	90	True
335	12	on	90	False
335	13	his	90	False
335	14	jacket.	90	False
336	1	She	90	False
336	2	was	90	False
336	3	the	90	False
336	4	youngest	90	False
336	5	out	90	False
336	6	of	90	False
336	7	all	90	False
336	8	her	90	False
336	9	brothers	90	False
336	10	and	90	False
336	11	sisters	90	True
336	12	at	90	False
336	13	home.	90	False
337	1	She	90	False
337	2	learned	90	False
337	3	how	90	False
337	4	to	90	False
337	5	use	90	False
337	6	makeup	90	False
337	7	from	90	False
337	8	her	90	False
337	9	friends	90	False
337	10	and	90	False
337	11	sisters	90	True
337	12	at	90	False
337	13	home.	90	False
338	1	She	90	False
338	2	was	90	False
338	3	always	90	False
338	4	rude	90	False
338	5	and	90	False
338	6	obnoxious	90	False
338	7	around	90	False
338	8	her	90	False
338	9	teachers	90	False
338	10	and	90	False
338	11	sisters	90	True
338	12	at	90	False
338	13	home.	90	False
339	1	Elephants	90	False
339	2	are	90	False
339	3	often	90	False
339	4	hunted	90	False
339	5	for	90	False
339	6	the	90	False
339	7	ivory	90	False
339	8	in	90	False
339	9	their	90	False
339	10	tusks	90	True
339	11	before	90	False
339	12	nightfall.	90	False
340	1	After	90	False
340	2	catching	90	False
340	3	the	90	False
340	4	animals,	90	False
340	5	the	90	False
340	6	poachers	90	False
340	7	cut	90	False
340	8	off	90	False
340	9	their	90	False
340	10	tusks	90	True
340	11	before	90	False
340	12	nightfall.	90	False
341	1	The	90	False
341	2	smugglers	90	False
341	3	could	90	False
341	4	not	90	False
341	5	find	90	False
341	6	a	90	False
341	7	buyer	90	False
341	8	for	90	False
341	9	their	90	False
341	10	tusks	90	True
341	11	before	90	False
341	12	nightfall.	90	False
342	1	The	90	False
342	2	website	90	False
342	3	login	90	False
342	4	asks	90	False
342	5	for	90	False
342	6	my	90	False
342	7	username	90	False
342	8	and	90	False
342	9	password	90	True
342	10	at	90	False
342	11	some	90	False
342	12	point.	90	False
343	1	Tim	90	False
343	2	had	90	False
343	3	forgotten	90	False
343	4	his	90	False
343	5	mother's	90	False
343	6	email	90	False
343	7	address	90	False
343	8	and	90	False
343	9	password	90	True
343	10	at	90	False
343	11	some	90	False
343	12	point.	90	False
344	1	Tim's	90	False
344	2	classmate	90	False
344	3	tried	90	False
344	4	to	90	False
344	5	steal	90	False
344	6	his	90	False
344	7	phone	90	False
344	8	and	90	False
344	9	password	90	True
344	10	at	90	False
344	11	some	90	False
344	12	point.	90	False
345	1	To	90	False
345	2	look	90	False
345	3	good	90	False
345	4	at	90	False
345	5	the	90	False
345	6	funeral,	90	False
345	7	he	90	False
345	8	needed	90	False
345	9	to	90	False
345	10	buy	90	False
345	11	a	90	False
345	12	suit	90	True
345	13	at	90	False
345	14	Kohl's.	90	False
346	1	He	90	False
346	2	had	90	False
346	3	a	90	False
346	4	big	90	False
346	5	date,	90	False
346	6	and	90	False
346	7	he	90	False
346	8	needed	90	False
346	9	to	90	False
346	10	buy	90	False
346	11	a	90	False
346	12	suit	90	True
346	13	at	90	False
346	14	Kohl's.	90	False
347	1	Because	90	False
347	2	he's	90	False
347	3	visiting	90	False
347	4	his	90	False
347	5	grandma	90	False
347	6	soon,	90	False
347	7	he	90	False
347	8	needed	90	False
347	9	to	90	False
347	10	buy	90	False
347	11	a	90	False
347	12	suit	90	True
347	13	at	90	False
347	14	Kohl's.	90	False
348	1	She	90	False
348	2	added	90	False
348	3	chives	90	False
348	4	and	90	False
348	5	sour	90	False
348	6	cream	90	False
348	7	to	90	False
348	8	the	90	False
348	9	baked	90	False
348	10	potato	90	True
348	11	that	90	False
348	12	looked	90	False
348	13	delicious.	90	False
349	1	He	90	False
349	2	opened	90	False
349	3	up	90	False
349	4	the	90	False
349	5	oven	90	False
349	6	to	90	False
349	7	remove	90	False
349	8	the	90	False
349	9	baked	90	False
349	10	potato	90	True
349	11	that	90	False
349	12	looked	90	False
349	13	delicious.	90	False
350	1	The	90	False
350	2	waiter	90	False
350	3	recommended	90	False
350	4	the	90	False
350	5	seafood	90	False
350	6	linguini	90	False
350	7	or	90	False
350	8	the	90	False
350	9	baked	90	False
350	10	potato	90	True
350	11	that	90	False
350	12	looked	90	False
350	13	delicious.	90	False
351	1	Gasoline	90	False
351	2	usually	90	False
351	3	costs	90	False
351	4	about	90	False
351	5	three	90	False
351	6	dollars	90	False
351	7	for	90	False
351	8	a	90	False
351	9	gallon	90	True
351	10	in	90	False
351	11	Virginia.	90	False
352	1	The	90	False
352	2	thirsty	90	False
352	3	police	90	False
352	4	officer	90	False
352	5	could	90	False
352	6	probably	90	False
352	7	drink	90	False
352	8	a	90	False
352	9	gallon	90	True
352	10	in	90	False
352	11	Virginia.	90	False
353	1	The	90	False
353	2	store	90	False
353	3	always	90	False
353	4	charged	90	False
353	5	too	90	False
353	6	much	90	False
353	7	for	90	False
353	8	a	90	False
353	9	gallon	90	True
353	10	in	90	False
353	11	Virginia.	90	False
354	1	Melissa	90	False
354	2	asks	90	False
354	3	for	90	False
354	4	decaf	90	False
354	5	when	90	False
354	6	ordering	90	False
354	7	her	90	False
354	8	cup	90	False
354	9	of	90	False
354	10	coffee	90	True
354	11	at	90	False
354	12	the	90	False
354	13	restaurant.	90	False
355	1	The	90	False
355	2	customer	90	False
355	3	left	90	False
355	4	without	90	False
355	5	finishing	90	False
355	6	his	90	False
355	7	last	90	False
355	8	sip	90	False
355	9	of	90	False
355	10	coffee	90	True
355	11	at	90	False
355	12	the	90	False
355	13	restaurant.	90	False
356	1	Melissa	90	False
356	2	has	90	False
356	3	difficulty	90	False
356	4	when	90	False
356	5	she's	90	False
356	6	picking	90	False
356	7	a	90	False
356	8	type	90	False
356	9	of	90	False
356	10	coffee	90	True
356	11	at	90	False
356	12	the	90	False
356	13	restaurant.	90	False
357	1	The	90	False
357	2	motorcycle	90	False
357	3	jacket	90	False
357	4	was	90	False
357	5	made	90	False
357	6	out	90	False
357	7	of	90	False
357	8	black	90	False
357	9	leather	90	True
357	10	and	90	False
357	11	tough	90	False
357	12	fabric.	90	False
358	1	Her	90	False
358	2	new	90	False
358	3	skirt	90	False
358	4	was	90	False
358	5	made	90	False
358	6	out	90	False
358	7	of	90	False
358	8	black	90	False
358	9	leather	90	True
358	10	and	90	False
358	11	tough	90	False
358	12	fabric.	90	False
359	1	For	90	False
359	2	her	90	False
359	3	project,	90	False
359	4	she	90	False
359	5	bought	90	False
359	6	lots	90	False
359	7	of	90	False
359	8	black	90	False
359	9	leather	90	True
359	10	and	90	False
359	11	tough	90	False
359	12	fabric.	90	False
360	1	The	90	False
360	2	birthday	90	False
360	3	card	90	False
360	4	was	90	False
360	5	funny	90	False
360	6	and	90	False
360	7	made	90	False
360	8	me	90	False
360	9	laugh	90	True
360	10	at	90	False
360	11	work.	90	False
361	1	The	90	False
361	2	coach	90	False
361	3	of	90	False
361	4	our	90	False
361	5	team	90	False
361	6	always	90	False
361	7	made	90	False
361	8	me	90	False
361	9	laugh	90	True
361	10	at	90	False
361	11	work.	90	False
362	1	My	90	False
362	2	supervisor	90	False
362	3	and	90	False
362	4	coworkers	90	False
362	5	have	90	False
362	6	never	90	False
362	7	seen	90	False
362	8	me	90	False
362	9	laugh	90	True
362	10	at	90	False
362	11	work.	90	False
363	1	To	90	False
363	2	take	90	False
363	3	her	90	False
363	4	turn	90	False
363	5	at	90	False
363	6	Monopoly,	90	False
363	7	Helen	90	False
363	8	rolled	90	False
363	9	both	90	False
363	10	of	90	False
363	11	the	90	False
363	12	dice	90	True
363	13	last	90	False
363	14	night.	90	False
364	1	They	90	False
364	2	weren't	90	False
364	3	able	90	False
364	4	to	90	False
364	5	play	90	False
364	6	Monopoly,	90	False
364	7	because	90	False
364	8	they	90	False
364	9	had	90	False
364	10	lost	90	False
364	11	the	90	False
364	12	dice	90	True
364	13	last	90	False
364	14	night.	90	False
365	1	While	90	False
365	2	cleaning	90	False
365	3	out	90	False
365	4	the	90	False
365	5	cluttered	90	False
365	6	closet,	90	False
365	7	Helen	90	False
365	8	found	90	False
365	9	both	90	False
365	10	of	90	False
365	11	the	90	False
365	12	dice	90	True
365	13	last	90	False
365	14	night.	90	False
366	1	The	90	False
366	2	woman	90	False
366	3	would	90	False
366	4	need	90	False
366	5	a	90	False
366	6	raincoat	90	False
366	7	to	90	False
366	8	avoid	90	False
366	9	getting	90	False
366	10	wet	90	True
366	11	out	90	False
366	12	there.	90	False
367	1	He	90	False
367	2	didn't	90	False
367	3	drive	90	False
367	4	home	90	False
367	5	because	90	False
367	6	the	90	False
367	7	roads	90	False
367	8	were	90	False
367	9	getting	90	False
367	10	wet	90	True
367	11	out	90	False
367	12	there.	90	False
368	1	He	90	False
368	2	doesn't	90	False
368	3	run	90	False
368	4	very	90	False
368	5	often	90	False
368	6	because	90	False
368	7	he	90	False
368	8	hates	90	False
368	9	getting	90	False
368	10	wet	90	True
368	11	out	90	False
368	12	there.	90	False
369	1	Maria	90	False
369	2	thought	90	False
369	3	she	90	False
369	4	looked	90	False
369	5	great	90	False
369	6	in	90	False
369	7	her	90	False
369	8	little	90	False
369	9	black	90	False
369	10	dress	90	True
369	11	with	90	False
369	12	sequins.	90	False
370	1	In	90	False
370	2	her	90	False
370	3	bedroom,	90	False
370	4	she	90	False
370	5	was	90	False
370	6	looking	90	False
370	7	for	90	False
370	8	her	90	False
370	9	black	90	False
370	10	dress	90	True
370	11	with	90	False
370	12	sequins.	90	False
371	1	When	90	False
371	2	she	90	False
371	3	moved	90	False
371	4	away,	90	False
371	5	my	90	False
371	6	girlfriend	90	False
371	7	sold	90	False
371	8	the	90	False
371	9	black	90	False
371	10	dress	90	True
371	11	with	90	False
371	12	sequins.	90	False
372	1	Shearing	90	False
372	2	the	90	False
372	3	sheep	90	False
372	4	produced	90	False
372	5	a	90	False
372	6	large	90	False
372	7	amount	90	False
372	8	of	90	False
372	9	wool	90	True
372	10	that	90	False
372	11	was	90	False
372	12	very	90	False
372	13	warm.	90	False
373	1	The	90	False
373	2	elderly	90	False
373	3	shepherd	90	False
373	4	sold	90	False
373	5	a	90	False
373	6	large	90	False
373	7	amount	90	False
373	8	of	90	False
373	9	wool	90	True
373	10	that	90	False
373	11	was	90	False
373	12	very	90	False
373	13	warm.	90	False
374	1	The	90	False
374	2	new	90	False
374	3	factory	90	False
374	4	produced	90	False
374	5	a	90	False
374	6	large	90	False
374	7	amount	90	False
374	8	of	90	False
374	9	wool	90	True
374	10	that	90	False
374	11	was	90	False
374	12	very	90	False
374	13	warm.	90	False
375	1	Germs	90	False
375	2	are	90	False
375	3	spread	90	False
375	4	when	90	False
375	5	people	90	False
375	6	cough	90	False
375	7	or	90	False
375	8	sneeze	90	True
375	9	around	90	False
375	10	other	90	False
375	11	people.	90	False
376	1	This	90	False
376	2	powder	90	False
376	3	might	90	False
376	4	make	90	False
376	5	you	90	False
376	6	itch	90	False
376	7	or	90	False
376	8	sneeze	90	True
376	9	around	90	False
376	10	other	90	False
376	11	people.	90	False
377	1	People	90	False
377	2	always	90	False
377	3	notice	90	False
377	4	when	90	False
377	5	I	90	False
377	6	laugh	90	False
377	7	or	90	False
377	8	sneeze	90	True
377	9	around	90	False
377	10	other	90	False
377	11	people.	90	False
378	1	For	90	False
378	2	their	90	False
378	3	anniversary	90	False
378	4	in	90	False
378	5	Seattle,	90	False
378	6	they	90	False
378	7	booked	90	False
378	8	a	90	False
378	9	room	90	False
378	10	at	90	False
378	11	a	90	False
378	12	nice	90	False
378	13	hotel	90	True
378	14	in	90	False
378	15	town.	90	False
379	1	For	90	False
379	2	the	90	False
379	3	wedding	90	False
379	4	reception,	90	False
379	5	they	90	False
379	6	were	90	False
379	7	supposed	90	False
379	8	to	90	False
379	9	meet	90	False
379	10	at	90	False
379	11	a	90	False
379	12	nice	90	False
379	13	hotel	90	True
379	14	in	90	False
379	15	town.	90	False
380	1	The	90	False
380	2	investment	90	False
380	3	banker	90	False
380	4	was	90	False
380	5	supposed	90	False
380	6	to	90	False
380	7	meet	90	False
380	8	his	90	False
380	9	client	90	False
380	10	at	90	False
380	11	a	90	False
380	12	nice	90	False
380	13	hotel	90	True
380	14	in	90	False
380	15	town.	90	False
381	1	The	90	False
381	2	curse	90	False
381	3	could	90	False
381	4	only	90	False
381	5	be	90	False
381	6	broken	90	False
381	7	by	90	False
381	8	her	90	False
381	9	true	90	False
381	10	love's	90	False
381	11	first	90	False
381	12	kiss	90	True
381	13	on	90	False
381	14	the	90	False
381	15	lips.	90	False
382	1	Emma	90	False
382	2	bragged	90	False
382	3	to	90	False
382	4	her	90	False
382	5	friends	90	False
382	6	that	90	False
382	7	she	90	False
382	8	had	90	False
382	9	gotten	90	False
382	10	her	90	False
382	11	first	90	False
382	12	kiss	90	True
382	13	on	90	False
382	14	the	90	False
382	15	lips.	90	False
383	1	She	90	False
383	2	didn't	90	False
383	3	want	90	False
383	4	to	90	False
383	5	make	90	False
383	6	a	90	False
383	7	judgement	90	False
383	8	based	90	False
383	9	on	90	False
383	10	the	90	False
383	11	first	90	False
383	12	kiss	90	True
383	13	on	90	False
383	14	the	90	False
383	15	lips.	90	False
384	1	My	90	False
384	2	medical	90	False
384	3	records	90	False
384	4	are	90	False
384	5	accessible	90	False
384	6	to	90	False
384	7	the	90	False
384	8	nurse	90	False
384	9	and	90	False
384	10	the	90	False
384	11	doctor	90	True
384	12	at	90	False
384	13	the	90	False
384	14	clinic.	90	False
385	1	The	90	False
385	2	young	90	False
385	3	woman	90	False
385	4	was	90	False
385	5	inspired	90	False
385	6	by	90	False
385	7	the	90	False
385	8	scientist	90	False
385	9	and	90	False
385	10	the	90	False
385	11	doctor	90	True
385	12	at	90	False
385	13	the	90	False
385	14	clinic.	90	False
386	1	She	90	False
386	2	had	90	False
386	3	to	90	False
386	4	be	90	False
386	5	interviewed	90	False
386	6	by	90	False
386	7	the	90	False
386	8	lawyer	90	False
386	9	and	90	False
386	10	the	90	False
386	11	doctor	90	True
386	12	at	90	False
386	13	the	90	False
386	14	clinic.	90	False
387	1	The	90	False
387	2	creature	90	False
387	3	was	90	False
387	4	either	90	False
387	5	an	90	False
387	6	octopus	90	False
387	7	or	90	False
387	8	a	90	False
387	9	giant	90	False
387	10	squid	90	True
387	11	with	90	False
387	12	long	90	False
387	13	tentacles.	90	False
388	1	The	90	False
388	2	group	90	False
388	3	of	90	False
388	4	scientists	90	False
388	5	was	90	False
388	6	attacked	90	False
388	7	by	90	False
388	8	a	90	False
388	9	giant	90	False
388	10	squid	90	True
388	11	with	90	False
388	12	long	90	False
388	13	tentacles.	90	False
389	1	The	90	False
389	2	museum	90	False
389	3	display	90	False
389	4	had	90	False
389	5	some	90	False
389	6	pictures	90	False
389	7	of	90	False
389	8	a	90	False
389	9	giant	90	False
389	10	squid	90	True
389	11	with	90	False
389	12	long	90	False
389	13	tentacles.	90	False
390	1	Jenna	90	False
390	2	loved	90	False
390	3	playing	90	False
390	4	the	90	False
390	5	guitar,	90	False
390	6	so	90	False
390	7	she	90	False
390	8	decided	90	False
390	9	to	90	False
390	10	join	90	False
390	11	the	90	False
390	12	band	90	True
390	13	that	90	False
390	14	she	90	False
390	15	admired.	90	False
391	1	On	90	False
391	2	her	90	False
391	3	eighteenth	90	False
391	4	birthday	90	False
391	5	her	90	False
391	6	parents	90	False
391	7	got	90	False
391	8	her	90	False
391	9	tickets	90	False
391	10	see	90	False
391	11	the	90	False
391	12	band	90	True
391	13	that	90	False
391	14	she	90	False
391	15	admired.	90	False
392	1	After	90	False
392	2	several	90	False
392	3	rounds	90	False
392	4	of	90	False
392	5	auditions,	90	False
392	6	she	90	False
392	7	never	90	False
392	8	heard	90	False
392	9	back	90	False
392	10	from	90	False
392	11	the	90	False
392	12	band	90	True
392	13	that	90	False
392	14	she	90	False
392	15	admired.	90	False
393	1	To	90	False
393	2	water	90	False
393	3	the	90	False
393	4	huge	90	False
393	5	garden,	90	False
393	6	they	90	False
393	7	needed	90	False
393	8	a	90	False
393	9	long	90	False
393	10	hose	90	True
393	11	with	90	False
393	12	an	90	False
393	13	attachment.	90	False
394	1	Outside	90	False
394	2	in	90	False
394	3	the	90	False
394	4	back	90	False
394	5	yard,	90	False
394	6	they	90	False
394	7	needed	90	False
394	8	a	90	False
394	9	long	90	False
394	10	hose	90	True
394	11	with	90	False
394	12	an	90	False
394	13	attachment.	90	False
395	1	Over	90	False
395	2	at	90	False
395	3	the	90	False
395	4	loading	90	False
395	5	dock,	90	False
395	6	they	90	False
395	7	needed	90	False
395	8	a	90	False
395	9	long	90	False
395	10	hose	90	True
395	11	with	90	False
395	12	an	90	False
395	13	attachment.	90	False
396	1	The	90	False
396	2	soccer	90	False
396	3	team	90	False
396	4	celebrated	90	False
396	5	after	90	False
396	6	their	90	False
396	7	player	90	False
396	8	scored	90	False
396	9	a	90	False
396	10	goal	90	True
396	11	during	90	False
396	12	the	90	False
396	13	game.	90	False
397	1	Their	90	False
397	2	team	90	False
397	3	never	90	False
397	4	won,	90	False
397	5	because	90	False
397	6	they	90	False
397	7	never	90	False
397	8	got	90	False
397	9	a	90	False
397	10	goal	90	True
397	11	during	90	False
397	12	the	90	False
397	13	game.	90	False
398	1	He	90	False
398	2	knew	90	False
398	3	that	90	False
398	4	it	90	False
398	5	was	90	False
398	6	important	90	False
398	7	to	90	False
398	8	have	90	False
398	9	a	90	False
398	10	goal	90	True
398	11	during	90	False
398	12	the	90	False
398	13	game.	90	False
399	1	In	90	False
399	2	the	90	False
399	3	shower,	90	False
399	4	he	90	False
399	5	accidentally	90	False
399	6	dropped	90	False
399	7	the	90	False
399	8	bar	90	False
399	9	of	90	False
399	10	soap	90	True
399	11	yesterday	90	False
399	12	afternoon.	90	False
400	1	The	90	False
400	2	janitor	90	False
400	3	decided	90	False
400	4	to	90	False
400	5	purchase	90	False
400	6	a	90	False
400	7	new	90	False
400	8	brand	90	False
400	9	of	90	False
400	10	soap	90	True
400	11	yesterday	90	False
400	12	afternoon.	90	False
401	1	He	90	False
401	2	forgot	90	False
401	3	to	90	False
401	4	stock	90	False
401	5	up	90	False
401	6	on	90	False
401	7	that	90	False
401	8	type	90	False
401	9	of	90	False
401	10	soap	90	True
401	11	yesterday	90	False
401	12	afternoon.	90	False
402	1	After	90	False
402	2	the	90	False
402	3	meal,	90	False
402	4	she	90	False
402	5	ate	90	False
402	6	her	90	False
402	7	sundae	90	False
402	8	with	90	False
402	9	a	90	False
402	10	small	90	False
402	11	metal	90	False
402	12	spoon	90	True
402	13	with	90	False
402	14	a	90	False
402	15	long	90	False
402	16	handle.	90	False
403	1	Mike	90	False
403	2	was	90	False
403	3	searching	90	False
403	4	around	90	False
403	5	in	90	False
403	6	the	90	False
403	7	kitchen	90	False
403	8	for	90	False
403	9	a	90	False
403	10	small	90	False
403	11	metal	90	False
403	12	spoon	90	True
403	13	with	90	False
403	14	a	90	False
403	15	long	90	False
403	16	handle.	90	False
404	1	At	90	False
404	2	the	90	False
404	3	flea	90	False
404	4	market	90	False
404	5	in	90	False
404	6	Sacramento	90	False
404	7	he	90	False
404	8	bought	90	False
404	9	a	90	False
404	10	small	90	False
404	11	metal	90	False
404	12	spoon	90	True
404	13	with	90	False
404	14	a	90	False
404	15	long	90	False
404	16	handle.	90	False
405	1	For	90	False
405	2	Halloween,	90	False
405	3	they	90	False
405	4	were	90	False
405	5	carving	90	False
405	6	a	90	False
405	7	large	90	False
405	8	pumpkin	90	True
405	9	at	90	False
405	10	the	90	False
405	11	Farmer's	90	False
405	12	market.	90	False
406	1	For	90	False
406	2	the	90	False
406	3	pie,	90	False
406	4	they	90	False
406	5	bought	90	False
406	6	a	90	False
406	7	large	90	False
406	8	pumpkin	90	True
406	9	at	90	False
406	10	the	90	False
406	11	Farmer's	90	False
406	12	market.	90	False
407	1	Before	90	False
407	2	the	90	False
407	3	party,	90	False
407	4	they	90	False
407	5	bought	90	False
407	6	a	90	False
407	7	large	90	False
407	8	pumpkin	90	True
407	9	at	90	False
407	10	the	90	False
407	11	Farmer's	90	False
407	12	market.	90	False
408	1	Because	90	False
408	2	it	90	False
408	3	was	90	False
408	4	overdue,	90	False
408	5	Billy	90	False
408	6	returned	90	False
408	7	the	90	False
408	8	book	90	False
408	9	to	90	False
408	10	the	90	False
408	11	library	90	True
408	12	down	90	False
408	13	the	90	False
408	14	street.	90	False
409	1	To	90	False
409	2	get	90	False
409	3	some	90	False
409	4	peace	90	False
409	5	and	90	False
409	6	quiet	90	False
409	7	he	90	False
409	8	went	90	False
409	9	to	90	False
409	10	the	90	False
409	11	library	90	True
409	12	down	90	False
409	13	the	90	False
409	14	street.	90	False
410	1	After	90	False
410	2	finishing	90	False
410	3	up	90	False
410	4	at	90	False
410	5	the	90	False
410	6	store,	90	False
410	7	they	90	False
410	8	went	90	False
410	9	to	90	False
410	10	the	90	False
410	11	library	90	True
410	12	down	90	False
410	13	the	90	False
410	14	street.	90	False
411	1	Bill	90	False
411	2	raked	90	False
411	3	up	90	False
411	4	all	90	False
411	5	the	90	False
411	6	leaves	90	True
411	7	in	90	False
411	8	front	90	False
411	9	of	90	False
411	10	his	90	False
411	11	condo.	90	False
412	1	The	90	False
412	2	breeze	90	False
412	3	lifted	90	False
412	4	all	90	False
412	5	the	90	False
412	6	leaves	90	True
412	7	in	90	False
412	8	front	90	False
412	9	of	90	False
412	10	his	90	False
412	11	condo.	90	False
413	1	Watson	90	False
413	2	gathered	90	False
413	3	up	90	False
413	4	all	90	False
413	5	the	90	False
413	6	leaves	90	True
413	7	in	90	False
413	8	front	90	False
413	9	of	90	False
413	10	his	90	False
413	11	condo.	90	False
414	1	The	90	False
414	2	doctor	90	False
414	3	wore	90	False
414	4	the	90	False
414	5	sterile	90	False
414	6	rubber	90	False
414	7	gloves	90	True
414	8	in	90	False
414	9	the	90	False
414	10	hospital.	90	False
415	1	The	90	False
415	2	trainee	90	False
415	3	used	90	False
415	4	the	90	False
415	5	thick	90	False
415	6	rubber	90	False
415	7	gloves	90	True
415	8	in	90	False
415	9	the	90	False
415	10	hospital.	90	False
416	1	The	90	False
416	2	child	90	False
416	3	carried	90	False
416	4	the	90	False
416	5	black	90	False
416	6	rubber	90	False
416	7	gloves	90	True
416	8	in	90	False
416	9	the	90	False
416	10	hospital.	90	False
417	1	DNA	90	False
417	2	is	90	False
417	3	housed	90	False
417	4	within	90	False
417	5	the	90	False
417	6	nucleus	90	False
417	7	of	90	False
417	8	a	90	False
417	9	cell	90	True
417	10	in	90	False
417	11	a	90	False
417	12	living	90	False
417	13	organism.	90	False
418	1	The	90	False
418	2	scientists	90	False
418	3	were	90	False
418	4	extracting	90	False
418	5	the	90	False
418	6	DNA	90	False
418	7	from	90	False
418	8	a	90	False
418	9	cell	90	True
418	10	in	90	False
418	11	a	90	False
418	12	living	90	False
418	13	organism.	90	False
419	1	In	90	False
419	2	his	90	False
419	3	textbook,	90	False
419	4	there's	90	False
419	5	a	90	False
419	6	drawing	90	False
419	7	of	90	False
419	8	a	90	False
419	9	cell	90	True
419	10	in	90	False
419	11	a	90	False
419	12	living	90	False
419	13	organism.	90	False
420	1	The	90	False
420	2	water	90	False
420	3	from	90	False
420	4	her	90	False
420	5	umbrella	90	False
420	6	collected	90	False
420	7	in	90	False
420	8	a	90	False
420	9	big	90	False
420	10	puddle	90	True
420	11	on	90	False
420	12	the	90	False
420	13	floor.	90	False
421	1	The	90	False
421	2	steam	90	False
421	3	from	90	False
421	4	her	90	False
421	5	shower	90	False
421	6	collected	90	False
421	7	in	90	False
421	8	a	90	False
421	9	big	90	False
421	10	puddle	90	True
421	11	on	90	False
421	12	the	90	False
421	13	floor.	90	False
422	1	The	90	False
422	2	drinks	90	False
422	3	that	90	False
422	4	they	90	False
422	5	didn't	90	False
422	6	finish	90	False
422	7	made	90	False
422	8	a	90	False
422	9	big	90	False
422	10	puddle	90	True
422	11	on	90	False
422	12	the	90	False
422	13	floor.	90	False
423	1	To	90	False
423	2	keep	90	False
423	3	the	90	False
423	4	dough	90	False
423	5	from	90	False
423	6	sticking,	90	False
423	7	she	90	False
423	8	dusted	90	False
423	9	her	90	False
423	10	hands	90	False
423	11	with	90	False
423	12	flour	90	True
423	13	from	90	False
423	14	the	90	False
423	15	store.	90	False
424	1	The	90	False
424	2	chef	90	False
424	3	dumped	90	False
424	4	out	90	False
424	5	the	90	False
424	6	measuring	90	False
424	7	cup	90	False
424	8	that	90	False
424	9	was	90	False
424	10	filled	90	False
424	11	with	90	False
424	12	flour	90	True
424	13	from	90	False
424	14	the	90	False
424	15	store.	90	False
425	1	At	90	False
425	2	the	90	False
425	3	end	90	False
425	4	of	90	False
425	5	the	90	False
425	6	day,	90	False
425	7	her	90	False
425	8	clothes	90	False
425	9	were	90	False
425	10	covered	90	False
425	11	with	90	False
425	12	flour	90	True
425	13	from	90	False
425	14	the	90	False
425	15	store.	90	False
426	1	The	90	False
426	2	hen	90	False
426	3	was	90	False
426	4	going	90	False
426	5	to	90	False
426	6	lay	90	False
426	7	some	90	False
426	8	more	90	False
426	9	eggs	90	True
426	10	after	90	False
426	11	sunrise.	90	False
427	1	The	90	False
427	2	man	90	False
427	3	really	90	False
427	4	wanted	90	False
427	5	to	90	False
427	6	fry	90	False
427	7	some	90	False
427	8	more	90	False
427	9	eggs	90	True
427	10	after	90	False
427	11	sunrise.	90	False
428	1	The	90	False
428	2	girl	90	False
428	3	was	90	False
428	4	planning	90	False
428	5	to	90	False
428	6	buy	90	False
428	7	some	90	False
428	8	more	90	False
428	9	eggs	90	True
428	10	after	90	False
428	11	sunrise.	90	False
429	1	The	90	False
429	2	gentleman	90	False
429	3	lit	90	False
429	4	the	90	False
429	5	candle	90	False
429	6	using	90	False
429	7	a	90	False
429	8	single	90	False
429	9	match	90	True
429	10	which	90	False
429	11	was	90	False
429	12	surprising.	90	False
430	1	The	90	False
430	2	forest	90	False
430	3	fire	90	False
430	4	was	90	False
430	5	started	90	False
430	6	by	90	False
430	7	a	90	False
430	8	single	90	False
430	9	match	90	True
430	10	which	90	False
430	11	was	90	False
430	12	surprising.	90	False
431	1		90	False
431	2	of	90	False
431	3	the	90	False
431	4	man's	90	False
431	5	coworkers	90	False
431	6	had	90	False
431	7	a	90	False
431	8	single	90	False
431	9	match	90	True
431	10	which	90	False
431	11	was	90	False
431	12	surprising.	90	False
432	1	Because	90	False
432	2	he	90	False
432	3	loved	90	False
432	4	to	90	False
432	5	work	90	False
432	6	the	90	False
432	7	land,	90	False
432	8	Jim	90	False
432	9	became	90	False
432	10	a	90	False
432	11	farmer	90	True
432	12	in	90	False
432	13	his	90	False
432	14	hometown.	90	False
433	1	After	90	False
433	2	returning	90	False
433	3	home	90	False
433	4	from	90	False
433	5	the	90	False
433	6	big	90	False
433	7	city,	90	False
433	8	Jim	90	False
433	9	became	90	False
433	10	a	90	False
433	11	farmer	90	True
433	12	in	90	False
433	13	his	90	False
433	14	hometown.	90	False
434	1	After	90	False
434	2	he	90	False
434	3	returned	90	False
434	4	home	90	False
434	5	from	90	False
434	6	his	90	False
434	7	travels,	90	False
434	8	Jim	90	False
434	9	became	90	False
434	10	a	90	False
434	11	farmer	90	True
434	12	in	90	False
434	13	his	90	False
434	14	hometown.	90	False
435	1	To	90	False
435	2	display	90	False
435	3	the	90	False
435	4	beautiful	90	False
435	5	photo,	90	False
435	6	she	90	False
435	7	ordered	90	False
435	8	an	90	False
435	9	elegant	90	False
435	10	frame	90	True
435	11	made	90	False
435	12	of	90	False
435	13	silver.	90	False
436	1	The	90	False
436	2	burglar	90	False
436	3	stole	90	False
436	4	the	90	False
436	5	painting	90	False
436	6	but	90	False
436	7	left	90	False
436	8	the	90	False
436	9	elegant	90	False
436	10	frame	90	True
436	11	made	90	False
436	12	of	90	False
436	13	silver.	90	False
437	1	While	90	False
437	2	she	90	False
437	3	was	90	False
437	4	shopping	90	False
437	5	yesterday,	90	False
437	6	she	90	False
437	7	bought	90	False
437	8	an	90	False
437	9	elegant	90	False
437	10	frame	90	True
437	11	made	90	False
437	12	of	90	False
437	13	silver.	90	False
438	1	The	90	False
438	2	immigrant	90	False
438	3	left	90	False
438	4	Mexico	90	False
438	5	and	90	False
438	6	tried	90	False
438	7	to	90	False
438	8	cross	90	False
438	9	the	90	False
438	10	border	90	True
438	11	into	90	False
438	12	Texas.	90	False
439	1	There	90	False
439	2	were	90	False
439	3	lots	90	False
439	4	of	90	False
439	5	intimidating	90	False
439	6	guards	90	False
439	7	stationed	90	False
439	8	at	90	False
439	9	the	90	False
439	10	border	90	True
439	11	into	90	False
439	12	Texas.	90	False
440	1	The	90	False
440	2	kids	90	False
440	3	were	90	False
440	4	scared	90	False
440	5	about	90	False
440	6	trying	90	False
440	7	to	90	False
440	8	cross	90	False
440	9	the	90	False
440	10	border	90	True
440	11	into	90	False
440	12	Texas.	90	False
441	1	My	90	False
441	2	son	90	False
441	3	saw	90	False
441	4	the	90	False
441	5	bird	90	False
441	6	pecking	90	False
441	7	at	90	False
441	8	the	90	False
441	9	soil	90	False
441	10	using	90	False
441	11	its	90	False
441	12	beak	90	True
441	13	and	90	False
441	14	claws.	90	False
442	1	The	90	False
442	2	bald	90	False
442	3	eagle	90	False
442	4	was	90	False
442	5	trying	90	False
442	6	to	90	False
442	7	attack	90	False
442	8	the	90	False
442	9	hunters	90	False
442	10	using	90	False
442	11	its	90	False
442	12	beak	90	True
442	13	and	90	False
442	14	claws.	90	False
443	1	The	90	False
443	2	animal	90	False
443	3	in	90	False
443	4	the	90	False
443	5	zoo	90	False
443	6	enclosure	90	False
443	7	was	90	False
443	8	trying	90	False
443	9	to	90	False
443	10	clean	90	False
443	11	its	90	False
443	12	beak	90	True
443	13	and	90	False
443	14	claws.	90	False
444	1	He	90	False
444	2	was	90	False
444	3	very	90	False
444	4	thirsty	90	False
444	5	and	90	False
444	6	needed	90	False
444	7	something	90	False
444	8	to	90	False
444	9	drink	90	True
444	10	at	90	False
444	11	the	90	False
444	12	bar.	90	False
445	1	At	90	False
445	2	the	90	False
445	3	restaurant,	90	False
445	4	he	90	False
445	5	didn't	90	False
445	6	want	90	False
445	7	anything	90	False
445	8	to	90	False
445	9	drink	90	True
445	10	at	90	False
445	11	the	90	False
445	12	bar.	90	False
446	1	When	90	False
446	2	school	90	False
446	3	ended,	90	False
446	4	my	90	False
446	5	friends	90	False
446	6	just	90	False
446	7	wanted	90	False
446	8	to	90	False
446	9	drink	90	True
446	10	at	90	False
446	11	the	90	False
446	12	bar.	90	False
447	1	The	90	False
447	2	hikers	90	False
447	3	climbed	90	False
447	4	to	90	False
447	5	the	90	False
447	6	summit	90	False
447	7	of	90	False
447	8	the	90	False
447	9	mountain	90	True
447	10	in	90	False
447	11	the	90	False
447	12	Adirondacks.	90	False
448	1	The	90	False
448	2	couple	90	False
448	3	camped	90	False
448	4	near	90	False
448	5	the	90	False
448	6	side	90	False
448	7	of	90	False
448	8	the	90	False
448	9	mountain	90	True
448	10	in	90	False
448	11	the	90	False
448	12	Adirondacks.	90	False
449	1	The	90	False
449	2	scholars	90	False
449	3	learned	90	False
449	4	about	90	False
449	5	the	90	False
449	6	history	90	False
449	7	of	90	False
449	8	the	90	False
449	9	mountain	90	True
449	10	in	90	False
449	11	the	90	False
449	12	Adirondacks.	90	False
450	1	Everett	90	False
450	2	lit	90	False
450	3	the	90	False
450	4	campfire	90	False
450	5	while	90	False
450	6	I	90	False
450	7	pitched	90	False
450	8	the	90	False
450	9	tent	90	True
450	10	near	90	False
450	11	the	90	False
450	12	woods.	90	False
451	1	The	90	False
451	2	kids	90	False
451	3	at	90	False
451	4	summer	90	False
451	5	camp	90	False
451	6	slept	90	False
451	7	in	90	False
451	8	the	90	False
451	9	tent	90	True
451	10	near	90	False
451	11	the	90	False
451	12	woods.	90	False
452	1	Everett's	90	False
452	2	dad	90	False
452	3	asked	90	False
452	4	if	90	False
452	5	he	90	False
452	6	could	90	False
452	7	move	90	False
452	8	the	90	False
452	9	tent	90	True
452	10	near	90	False
452	11	the	90	False
452	12	woods.	90	False
453	1	The	90	False
453	2	city	90	False
453	3	lies	90	False
453	4	between	90	False
453	5	two	90	False
453	6	hills	90	False
453	7	in	90	False
453	8	a	90	False
453	9	valley	90	True
453	10	somewhere	90	False
453	11	in	90	False
453	12	Colorado.	90	False
454	1	The	90	False
454	2	team	90	False
454	3	discovered	90	False
454	4	the	90	False
454	5	fertile	90	False
454	6	crops	90	False
454	7	in	90	False
454	8	a	90	False
454	9	valley	90	True
454	10	somewhere	90	False
454	11	in	90	False
454	12	Colorado.	90	False
455	1	The	90	False
455	2	house	90	False
455	3	sits	90	False
455	4	between	90	False
455	5	two	90	False
455	6	shops	90	False
455	7	in	90	False
455	8	a	90	False
455	9	valley	90	True
455	10	somewhere	90	False
455	11	in	90	False
455	12	Colorado.	90	False
456	1	The	90	False
456	2	cow	90	False
456	3	gave	90	False
456	4	birth	90	False
456	5	to	90	False
456	6	the	90	False
456	7	brown	90	False
456	8	calf	90	True
456	9	in	90	False
456	10	the	90	False
456	11	barn.	90	False
457	1	The	90	False
457	2	farmer	90	False
457	3	gave	90	False
457	4	milk	90	False
457	5	to	90	False
457	6	the	90	False
457	7	brown	90	False
457	8	calf	90	True
457	9	in	90	False
457	10	the	90	False
457	11	barn.	90	False
458	1	Bill	90	False
458	2	went	90	False
458	3	to	90	False
458	4	check	90	False
458	5	on	90	False
458	6	the	90	False
458	7	brown	90	False
458	8	calf	90	True
458	9	in	90	False
458	10	the	90	False
458	11	barn.	90	False
459	1	On	90	False
459	2	Halloween,	90	False
459	3	the	90	False
459	4	costumed	90	False
459	5	children	90	False
459	6	grabbed	90	False
459	7	several	90	False
459	8	pieces	90	False
459	9	of	90	False
459	10	candy	90	True
459	11	with	90	False
459	12	nuts.	90	False
460	1	While	90	False
460	2	touring	90	False
460	3	the	90	False
460	4	factory,	90	False
460	5	Bill	90	False
460	6	sampled	90	False
460	7	several	90	False
460	8	pieces	90	False
460	9	of	90	False
460	10	candy	90	True
460	11	with	90	False
460	12	nuts.	90	False
461	1	The	90	False
461	2	food	90	False
461	3	scientists	90	False
461	4	were	90	False
461	5	developing	90	False
461	6	a	90	False
461	7	new	90	False
461	8	type	90	False
461	9	of	90	False
461	10	candy	90	True
461	11	with	90	False
461	12	nuts.	90	False
462	1	The	90	False
462	2	heroin	90	False
462	3	addict	90	False
462	4	died	90	False
462	5	of	90	False
462	6	an	90	False
462	7	overdose	90	True
462	8	in	90	False
462	9	the	90	False
462	10	motel	90	False
462	11	room.	90	False
463	1	They	90	False
463	2	used	90	False
463	3	naloxone	90	False
463	4	to	90	False
463	5	treat	90	False
463	6	an	90	False
463	7	overdose	90	True
463	8	in	90	False
463	9	the	90	False
463	10	motel	90	False
463	11	room.	90	False
464	1	The	90	False
464	2	celebrity	90	False
464	3	showed	90	False
464	4	signs	90	False
464	5	of	90	False
464	6	an	90	False
464	7	overdose	90	True
464	8	in	90	False
464	9	the	90	False
464	10	motel	90	False
464	11	room.	90	False
465	1	Before	90	False
465	2	the	90	False
465	3	show,	90	False
465	4	the	90	False
465	5	sick	90	False
465	6	opera	90	False
465	7	singer	90	False
465	8	suddenly	90	False
465	9	lost	90	False
465	10	her	90	False
465	11	voice	90	True
465	12	and	90	False
465	13	couldn't	90	False
465	14	speak.	90	False
466	1	Before	90	False
466	2	the	90	False
466	3	cameras	90	False
466	4	started	90	False
466	5	rolling,	90	False
466	6	the	90	False
466	7	actress	90	False
466	8	suddenly	90	False
466	9	lost	90	False
466	10	her	90	False
466	11	voice	90	True
466	12	and	90	False
466	13	couldn't	90	False
466	14	speak.	90	False
467	1	Before	90	False
467	2	leaving	90	False
467	3	to	90	False
467	4	buy	90	False
467	5	groceries,	90	False
467	6	my	90	False
467	7	aunt	90	False
467	8	suddenly	90	False
467	9	lost	90	False
467	10	her	90	False
467	11	voice	90	True
467	12	and	90	False
467	13	couldn't	90	False
467	14	speak.	90	False
468	1	The	90	False
468	2	store	90	False
468	3	reduced	90	False
468	4	their	90	False
468	5	prices	90	False
468	6	during	90	False
468	7	the	90	False
468	8	annual	90	False
468	9	sale	90	True
468	10	which	90	False
468	11	always	90	False
468	12	attracted	90	False
468	13	customers.	90	False
469	1	He	90	False
469	2	spent	90	False
469	3	lots	90	False
469	4	of	90	False
469	5	money	90	False
469	6	at	90	False
469	7	the	90	False
469	8	annual	90	False
469	9	sale	90	True
469	10	which	90	False
469	11	always	90	False
469	12	attracted	90	False
469	13	customers.	90	False
470	1	John	90	False
470	2	and	90	False
470	3	his	90	False
470	4	wife	90	False
470	5	prepared	90	False
470	6	for	90	False
470	7	the	90	False
470	8	annual	90	False
470	9	sale	90	True
470	10	which	90	False
470	11	always	90	False
470	12	attracted	90	False
470	13	customers.	90	False
471	1	The	90	False
471	2	archer	90	False
471	3	pulled	90	False
471	4	back	90	False
471	5	the	90	False
471	6	string	90	False
471	7	of	90	False
471	8	his	90	False
471	9	bow	90	True
471	10	and	90	False
471	11	fired.	90	False
472	1	While	90	False
472	2	facing	90	False
472	3	the	90	False
472	4	target,	90	False
472	5	he	90	False
472	6	picked	90	False
472	7	up	90	False
472	8	his	90	False
472	9	bow	90	True
472	10	and	90	False
472	11	fired.	90	False
473	1	On	90	False
473	2	television,	90	False
473	3	the	90	False
473	4	Olympic	90	False
473	5	athlete	90	False
473	6	picked	90	False
473	7	up	90	False
473	8	his	90	False
473	9	bow	90	True
473	10	and	90	False
473	11	fired.	90	False
474	1	A	90	False
474	2	boa	90	False
474	3	constrictor	90	False
474	4	is	90	False
474	5	a	90	False
474	6	very	90	False
474	7	dangerous	90	False
474	8	type	90	False
474	9	of	90	False
474	10	snake	90	True
474	11	in	90	False
474	12	the	90	False
474	13	jungle.	90	False
475	1	He	90	False
475	2	had	90	False
475	3	never	90	False
475	4	been	90	False
475	5	bitten	90	False
475	6	by	90	False
475	7	that	90	False
475	8	type	90	False
475	9	of	90	False
475	10	snake	90	True
475	11	in	90	False
475	12	the	90	False
475	13	jungle.	90	False
476	1	My	90	False
476	2	little	90	False
476	3	sister	90	False
476	4	had	90	False
476	5	never	90	False
476	6	seen	90	False
476	7	that	90	False
476	8	type	90	False
476	9	of	90	False
476	10	snake	90	True
476	11	in	90	False
476	12	the	90	False
476	13	jungle.	90	False
477	1	At	90	False
477	2	the	90	False
477	3	bar,	90	False
477	4	the	90	False
477	5	man	90	False
477	6	sat	90	False
477	7	on	90	False
477	8	a	90	False
477	9	stool	90	True
477	10	in	90	False
477	11	the	90	False
477	12	corner.	90	False
478	1	During	90	False
478	2	timeout,	90	False
478	3	Suzie	90	False
478	4	had	90	False
478	5	to	90	False
478	6	sit	90	False
478	7	on	90	False
478	8	a	90	False
478	9	stool	90	True
478	10	in	90	False
478	11	the	90	False
478	12	corner.	90	False
479	1	To	90	False
479	2	paint	90	False
479	3	the	90	False
479	4	ceiling,	90	False
479	5	the	90	False
479	6	decorator	90	False
479	7	needed	90	False
479	8	a	90	False
479	9	stool	90	True
479	10	in	90	False
479	11	the	90	False
479	12	corner.	90	False
480	1	When	90	False
480	2	the	90	False
480	3	earthquake	90	False
480	4	began,	90	False
480	5	the	90	False
480	6	whole	90	False
480	7	building	90	False
480	8	started	90	False
480	9	shaking	90	True
480	10	all	90	False
480	11	of	90	False
480	12	a	90	False
480	13	sudden.	90	False
481	1	They	90	False
481	2	fled	90	False
481	3	in	90	False
481	4	fear	90	False
481	5	when	90	False
481	6	the	90	False
481	7	house	90	False
481	8	started	90	False
481	9	shaking	90	True
481	10	all	90	False
481	11	of	90	False
481	12	a	90	False
481	13	sudden.	90	False
482	1	When	90	False
482	2	the	90	False
482	3	actor	90	False
482	4	approached	90	False
482	5	the	90	False
482	6	audience,	90	False
482	7	he	90	False
482	8	started	90	False
482	9	shaking	90	True
482	10	all	90	False
482	11	of	90	False
482	12	a	90	False
482	13	sudden.	90	False
483	1	My	90	False
483	2	sister	90	False
483	3	enjoys	90	False
483	4	poetry,	90	False
483	5	painting,	90	False
483	6	and	90	False
483	7	other	90	False
483	8	forms	90	False
483	9	of	90	False
483	10	art	90	True
483	11	from	90	False
483	12	the	90	False
483	13	past.	90	False
484	1	Even	90	False
484	2	though	90	False
484	3	she's	90	False
484	4	blind,	90	False
484	5	she	90	False
484	6	appreciates	90	False
484	7	many	90	False
484	8	types	90	False
484	9	of	90	False
484	10	art	90	True
484	11	from	90	False
484	12	the	90	False
484	13	past.	90	False
485	1	They	90	False
485	2	hired	90	False
485	3	the	90	False
485	4	consultant	90	False
485	5	because	90	False
485	6	of	90	False
485	7	her	90	False
485	8	knowledge	90	False
485	9	of	90	False
485	10	art	90	True
485	11	from	90	False
485	12	the	90	False
485	13	past.	90	False
486	1	After	90	False
486	2	hours	90	False
486	3	of	90	False
486	4	brainstorming,	90	False
486	5	they	90	False
486	6	had	90	False
486	7	run	90	False
486	8	out	90	False
486	9	of	90	False
486	10	ideas	90	True
486	11	to	90	False
486	12	solve	90	False
486	13	the	90	False
486	14	problem.	90	False
487	1	The	90	False
487	2	consultant	90	False
487	3	said	90	False
487	4	that	90	False
487	5	he	90	False
487	6	had	90	False
487	7	run	90	False
487	8	out	90	False
487	9	of	90	False
487	10	ideas	90	True
487	11	to	90	False
487	12	solve	90	False
487	13	the	90	False
487	14	problem.	90	False
488	1	The	90	False
488	2	chef	90	False
488	3	said	90	False
488	4	that	90	False
488	5	he	90	False
488	6	had	90	False
488	7	run	90	False
488	8	out	90	False
488	9	of	90	False
488	10	ideas	90	True
488	11	to	90	False
488	12	solve	90	False
488	13	the	90	False
488	14	problem.	90	False
489	1	The	90	False
489	2	diabetic	90	False
489	3	lady	90	False
489	4	needed	90	False
489	5	to	90	False
489	6	inject	90	False
489	7	some	90	False
489	8	insulin	90	True
489	9	to	90	False
489	10	control	90	False
489	11	her	90	False
489	12	blood	90	False
489	13	sugar.	90	False
490	1	She	90	False
490	2	brought	90	False
490	3	the	90	False
490	4	needle	90	False
490	5	to	90	False
490	6	inject	90	False
490	7	some	90	False
490	8	insulin	90	True
490	9	to	90	False
490	10	control	90	False
490	11	her	90	False
490	12	blood	90	False
490	13	sugar.	90	False
491	1	The	90	False
491	2	homeless	90	False
491	3	woman	90	False
491	4	tried	90	False
491	5	to	90	False
491	6	inject	90	False
491	7	some	90	False
491	8	insulin	90	True
491	9	to	90	False
491	10	control	90	False
491	11	her	90	False
491	12	blood	90	False
491	13	sugar.	90	False
492	1	Jesus	90	False
492	2	was	90	False
492	3	crucified	90	False
492	4	on	90	False
492	5	a	90	False
492	6	large	90	False
492	7	wooden	90	False
492	8	cross	90	True
492	9	made	90	False
492	10	of	90	False
492	11	oak.	90	False
493	1	The	90	False
493	2	nuns	90	False
493	3	were	90	False
493	4	praying	90	False
493	5	beside	90	False
493	6	the	90	False
493	7	wooden	90	False
493	8	cross	90	True
493	9	made	90	False
493	10	of	90	False
493	11	oak.	90	False
494	1	In	90	False
494	2	the	90	False
494	3	gallery,	90	False
494	4	there	90	False
494	5	was	90	False
494	6	a	90	False
494	7	wooden	90	False
494	8	cross	90	True
494	9	made	90	False
494	10	of	90	False
494	11	oak.	90	False
495	1	To	90	False
495	2	record	90	False
495	3	some	90	False
495	4	high	90	False
495	5	school	90	False
495	6	memories,	90	False
495	7	he	90	False
495	8	had	90	False
495	9	everyone	90	False
495	10	sign	90	False
495	11	his	90	False
495	12	yearbook	90	True
495	13	after	90	False
495	14	graduation.	90	False
496	1	In	90	False
496	2	high	90	False
496	3	school,	90	False
496	4	I	90	False
496	5	wrote	90	False
496	6	my	90	False
496	7	boyfriend	90	False
496	8	a	90	False
496	9	message	90	False
496	10	in	90	False
496	11	his	90	False
496	12	yearbook	90	True
496	13	after	90	False
496	14	graduation.	90	False
497	1	Apparently,	90	False
497	2	because	90	False
497	3	James	90	False
497	4	didn't	90	False
497	5	have	90	False
497	6	a	90	False
497	7	pen,	90	False
497	8	he	90	False
497	9	couldn't	90	False
497	10	sign	90	False
497	11	his	90	False
497	12	yearbook	90	True
497	13	after	90	False
497	14	graduation.	90	False
498	1	They	90	False
498	2	stored	90	False
498	3	all	90	False
498	4	of	90	False
498	5	the	90	False
498	6	Halloween	90	False
498	7	decorations	90	False
498	8	up	90	False
498	9	in	90	False
498	10	the	90	False
498	11	attic	90	True
498	12	at	90	False
498	13	home.	90	False
499	1	There	90	False
499	2	were	90	False
499	3	a	90	False
499	4	lot	90	False
499	5	of	90	False
499	6	old	90	False
499	7	clothes	90	False
499	8	stored	90	False
499	9	in	90	False
499	10	the	90	False
499	11	attic	90	True
499	12	at	90	False
499	13	home.	90	False
500	1	The	90	False
500	2	accountant	90	False
500	3	put	90	False
500	4	all	90	False
500	5	of	90	False
500	6	the	90	False
500	7	old	90	False
500	8	documents	90	False
500	9	in	90	False
500	10	the	90	False
500	11	attic	90	True
500	12	at	90	False
500	13	home.	90	False
501	1	After	90	False
501	2	the	90	False
501	3	goose	90	False
501	4	injured	90	False
501	5	its	90	False
501	6	wing,	90	False
501	7	it	90	False
501	8	could	90	False
501	9	no	90	False
501	10	longer	90	False
501	11	fly	90	True
501	12	or	90	False
501	13	move	90	False
501	14	around.	90	False
502	1	When	90	False
502	2	it's	90	False
502	3	locked	90	False
502	4	in	90	False
502	5	a	90	False
502	6	cage,	90	False
502	7	it	90	False
502	8	can	90	False
502	9	no	90	False
502	10	longer	90	False
502	11	fly	90	True
502	12	or	90	False
502	13	move	90	False
502	14	around.	90	False
503	1	When	90	False
503	2	he	90	False
503	3	dropped	90	False
503	4	the	90	False
503	5	new	90	False
503	6	toy,	90	False
503	7	it	90	False
503	8	could	90	False
503	9	no	90	False
503	10	longer	90	False
503	11	fly	90	True
503	12	or	90	False
503	13	move	90	False
503	14	around.	90	False
504	1	The	90	False
504	2	boy	90	False
504	3	scout	90	False
504	4	navigated	90	False
504	5	using	90	False
504	6	a	90	False
504	7	map	90	False
504	8	and	90	False
504	9	a	90	False
504	10	compass	90	True
504	11	in	90	False
504	12	his	90	False
504	13	bag.	90	False
505	1	My	90	False
505	2	brother	90	False
505	3	always	90	False
505	4	carried	90	False
505	5	a	90	False
505	6	pocket	90	False
505	7	knife	90	False
505	8	and	90	False
505	9	a	90	False
505	10	compass	90	True
505	11	in	90	False
505	12	his	90	False
505	13	bag.	90	False
506	1	The	90	False
506	2	boyscout	90	False
506	3	always	90	False
506	4	carried	90	False
506	5	a	90	False
506	6	first-aid	90	False
506	7	kit	90	False
506	8	and	90	False
506	9	a	90	False
506	10	compass	90	True
506	11	in	90	False
506	12	his	90	False
506	13	bag.	90	False
507	1	They	90	False
507	2	didn't	90	False
507	3	have	90	False
507	4	a	90	False
507	5	puck	90	False
507	6	or	90	False
507	7	skates,	90	False
507	8	so	90	False
507	9	they	90	False
507	10	couldn't	90	False
507	11	play	90	False
507	12	hockey	90	True
507	13	at	90	False
507	14	school.	90	False
508	1	My	90	False
508	2	brother	90	False
508	3	got	90	False
508	4	his	90	False
508	5	teeth	90	False
508	6	knocked	90	False
508	7	out	90	False
508	8	while	90	False
508	9	trying	90	False
508	10	to	90	False
508	11	play	90	False
508	12	hockey	90	True
508	13	at	90	False
508	14	school.	90	False
509	1	Because	90	False
509	2	football	90	False
509	3	season	90	False
509	4	is	90	False
509	5	over,	90	False
509	6	Bill	90	False
509	7	is	90	False
509	8	now	90	False
509	9	training	90	False
509	10	to	90	False
509	11	play	90	False
509	12	hockey	90	True
509	13	at	90	False
509	14	school.	90	False
510	1	My	90	False
510	2	favorite	90	False
510	3	part	90	False
510	4	of	90	False
510	5	Spring	90	False
510	6	is	90	False
510	7	when	90	False
510	8	the	90	False
510	9	flowers	90	False
510	10	begin	90	False
510	11	to	90	False
510	12	bloom	90	True
510	13	out	90	False
510	14	back.	90	False
511	1	The	90	False
511	2	weather's	90	False
511	3	been	90	False
511	4	so	90	False
511	5	nice	90	False
511	6	that	90	False
511	7	the	90	False
511	8	plants	90	False
511	9	have	90	False
511	10	started	90	False
511	11	to	90	False
511	12	bloom	90	True
511	13	out	90	False
511	14	back.	90	False
512	1	We	90	False
512	2	started	90	False
512	3	watering	90	False
512	4	the	90	False
512	5	yard	90	False
512	6	because	90	False
512	7	the	90	False
512	8	plants	90	False
512	9	had	90	False
512	10	begun	90	False
512	11	to	90	False
512	12	bloom	90	True
512	13	out	90	False
512	14	back.	90	False
513	1	In	90	False
513	2	polluted	90	False
513	3	cities,	90	False
513	4	you	90	False
513	5	can	90	False
513	6	barely	90	False
513	7	breathe	90	False
513	8	the	90	False
513	9	air	90	True
513	10	outside	90	False
513	11	the	90	False
513	12	building.	90	False
514	1	The	90	False
514	2	factory	90	False
514	3	built	90	False
514	4	expensive	90	False
514	5	machines	90	False
514	6	to	90	False
514	7	filter	90	False
514	8	the	90	False
514	9	air	90	True
514	10	outside	90	False
514	11	the	90	False
514	12	building.	90	False
515	1	They	90	False
515	2	suspected	90	False
515	3	there	90	False
515	4	was	90	False
515	5	something	90	False
515	6	wrong	90	False
515	7	with	90	False
515	8	the	90	False
515	9	air	90	True
515	10	outside	90	False
515	11	the	90	False
515	12	building.	90	False
516	1	To	90	False
516	2	prevent	90	False
516	3	a	90	False
516	4	mess,	90	False
516	5	the	90	False
516	6	caregiver	90	False
516	7	checked	90	False
516	8	the	90	False
516	9	baby's	90	False
516	10	diaper	90	True
516	11	for	90	False
516	12	accidents.	90	False
517	1	Before	90	False
517	2	leaving	90	False
517	3	the	90	False
517	4	driveway,	90	False
517	5	my	90	False
517	6	wife	90	False
517	7	checked	90	False
517	8	the	90	False
517	9	baby's	90	False
517	10	diaper	90	True
517	11	for	90	False
517	12	accidents.	90	False
518	1	Before	90	False
518	2	leaving	90	False
518	3	the	90	False
518	4	maternity	90	False
518	5	ward,	90	False
518	6	someone	90	False
518	7	checked	90	False
518	8	the	90	False
518	9	baby's	90	False
518	10	diaper	90	True
518	11	for	90	False
518	12	accidents.	90	False
519	1	Apples	90	False
519	2	are	90	False
519	3	definitely	90	False
519	4	his	90	False
519	5	favorite	90	False
519	6	type	90	False
519	7	of	90	False
519	8	fruit	90	True
519	9	as	90	False
519	10	well.	90	False
520	1	The	90	False
520	2	farmers	90	False
520	3	were	90	False
520	4	selling	90	False
520	5	a	90	False
520	6	lot	90	False
520	7	of	90	False
520	8	fruit	90	True
520	9	as	90	False
520	10	well.	90	False
521	1	Jason	90	False
521	2	brought	90	False
521	3	his	90	False
521	4	parents	90	False
521	5	a	90	False
521	6	lot	90	False
521	7	of	90	False
521	8	fruit	90	True
521	9	as	90	False
521	10	well.	90	False
522	1	At	90	False
522	2	the	90	False
522	3	sawmill	90	False
522	4	they	90	False
522	5	slice	90	False
522	6	logs	90	False
522	7	into	90	False
522	8	long	90	False
522	9	planks	90	False
522	10	of	90	False
522	11	wood	90	True
522	12	with	90	False
522	13	smooth	90	False
522	14	edges.	90	False
523	1	To	90	False
523	2	repair	90	False
523	3	the	90	False
523	4	cabinet,	90	False
523	5	he	90	False
523	6	needed	90	False
523	7	several	90	False
523	8	different	90	False
523	9	types	90	False
523	10	of	90	False
523	11	wood	90	True
523	12	with	90	False
523	13	smooth	90	False
523	14	edges.	90	False
524	1	At	90	False
524	2	the	90	False
524	3	ancient	90	False
524	4	burial	90	False
524	5	site	90	False
524	6	they	90	False
524	7	found	90	False
524	8	weapons	90	False
524	9	made	90	False
524	10	of	90	False
524	11	wood	90	True
524	12	with	90	False
524	13	smooth	90	False
524	14	edges.	90	False
525	1	The	90	False
525	2	bird	90	False
525	3	typically	90	False
525	4	used	90	False
525	5	to	90	False
525	6	symbolize	90	False
525	7	peace	90	False
525	8	is	90	False
525	9	a	90	False
525	10	white	90	False
525	11	dove	90	True
525	12	with	90	False
525	13	outstretched	90	False
525	14	wings.	90	False
526	1	Perched	90	False
526	2	up	90	False
526	3	on	90	False
526	4	the	90	False
526	5	powerline	90	False
526	6	he	90	False
526	7	saw	90	False
526	8	a	90	False
526	9	small,	90	False
526	10	white	90	False
526	11	dove	90	True
526	12	with	90	False
526	13	outstretched	90	False
526	14	wings.	90	False
527	1	In	90	False
527	2	the	90	False
527	3	corner	90	False
527	4	of	90	False
527	5	his	90	False
527	6	eye	90	False
527	7	he	90	False
527	8	saw	90	False
527	9	a	90	False
527	10	white	90	False
527	11	dove	90	True
527	12	with	90	False
527	13	outstretched	90	False
527	14	wings.	90	False
528	1	The	90	False
528	2	editor,	90	False
528	3	who	90	False
528	4	hates	90	False
528	5	Times	90	False
528	6	New	90	False
528	7	Roman,	90	False
528	8	decided	90	False
528	9	to	90	False
528	10	switch	90	False
528	11	the	90	False
528	12	font	90	True
528	13	of	90	False
528	14	the	90	False
528	15	magazine.	90	False
529	1	Brenda	90	False
529	2	is	90	False
529	3	the	90	False
529	4	editor,	90	False
529	5	and	90	False
529	6	she	90	False
529	7	recently	90	False
529	8	decided	90	False
529	9	to	90	False
529	10	switch	90	False
529	11	the	90	False
529	12	font	90	True
529	13	of	90	False
529	14	the	90	False
529	15	magazine.	90	False
530	1	Brenda	90	False
530	2	had	90	False
530	3	a	90	False
530	4	change	90	False
530	5	of	90	False
530	6	heart	90	False
530	7	and	90	False
530	8	decided	90	False
530	9	to	90	False
530	10	switch	90	False
530	11	the	90	False
530	12	font	90	True
530	13	of	90	False
530	14	the	90	False
530	15	magazine.	90	False
531	1	Driving	90	False
531	2	in	90	False
531	3	the	90	False
531	4	countryside,	90	False
531	5	I	90	False
531	6	could	90	False
531	7	only	90	False
531	8	hear	90	False
531	9	static	90	False
531	10	on	90	False
531	11	the	90	False
531	12	radio	90	True
531	13	that	90	False
531	14	evening.	90	False
532	1	The	90	False
532	2	woman	90	False
532	3	learned	90	False
532	4	some	90	False
532	5	news	90	False
532	6	about	90	False
532	7	the	90	False
532	8	approaching	90	False
532	9	hurricane	90	False
532	10	on	90	False
532	11	the	90	False
532	12	radio	90	True
532	13	that	90	False
532	14	evening.	90	False
533	1	Luckily,	90	False
533	2	the	90	False
533	3	old	90	False
533	4	woman	90	False
533	5	found	90	False
533	6	lots	90	False
533	7	of	90	False
533	8	interesting	90	False
533	9	programs	90	False
533	10	on	90	False
533	11	the	90	False
533	12	radio	90	True
533	13	that	90	False
533	14	evening.	90	False
534	1	The	90	False
534	2	sailors	90	False
534	3	saw	90	False
534	4	a	90	False
534	5	single	90	False
534	6	palm	90	False
534	7	tree	90	False
534	8	in	90	False
534	9	the	90	False
534	10	center	90	False
534	11	of	90	False
534	12	the	90	False
534	13	island	90	True
534	14	in	90	False
534	15	Bermuda.	90	False
535	1	The	90	False
535	2	rescue	90	False
535	3	workers	90	False
535	4	recently	90	False
535	5	found	90	False
535	6	an	90	False
535	7	old	90	False
535	8	hermit	90	False
535	9	living	90	False
535	10	alone	90	False
535	11	on	90	False
535	12	the	90	False
535	13	island	90	True
535	14	in	90	False
535	15	Bermuda.	90	False
536	1	The	90	False
536	2	rescue	90	False
536	3	workers	90	False
536	4	just	90	False
536	5	learned	90	False
536	6	that	90	False
536	7	the	90	False
536	8	captain	90	False
536	9	had	90	False
536	10	died	90	False
536	11	on	90	False
536	12	the	90	False
536	13	island	90	True
536	14	in	90	False
536	15	Bermuda.	90	False
537	1	Because	90	False
537	2	they	90	False
537	3	are	90	False
537	4	nocturnal	90	False
537	5	creatures,	90	False
537	6	all	90	False
537	7	bats	90	False
537	8	hunt	90	False
537	9	at	90	False
537	10	night	90	True
537	11	in	90	False
537	12	the	90	False
537	13	city.	90	False
538	1	To	90	False
538	2	keep	90	False
538	3	their	90	False
538	4	relationship	90	False
538	5	secret,	90	False
538	6	they	90	False
538	7	usually	90	False
538	8	meet	90	False
538	9	at	90	False
538	10	night	90	True
538	11	in	90	False
538	12	the	90	False
538	13	city.	90	False
539	1	The	90	False
539	2	student	90	False
539	3	was	90	False
539	4	going	90	False
539	5	to	90	False
539	6	get	90	False
539	7	her	90	False
539	8	degree	90	False
539	9	at	90	False
539	10	night	90	True
539	11	in	90	False
539	12	the	90	False
539	13	city.	90	False
540	1	Pam	90	False
540	2	received	90	False
540	3	a	90	False
540	4	rose,	90	False
540	5	but	90	False
540	6	preferred	90	False
540	7	any	90	False
540	8	other	90	False
540	9	species	90	False
540	10	of	90	False
540	11	flower	90	True
540	12	according	90	False
540	13	to	90	False
540	14	Alan.	90	False
541	1	As	90	False
541	2	an	90	False
541	3	anniversary	90	False
541	4	gift,	90	False
541	5	she	90	False
541	6	received	90	False
541	7	a	90	False
541	8	rare	90	False
541	9	kind	90	False
541	10	of	90	False
541	11	flower	90	True
541	12	according	90	False
541	13	to	90	False
541	14	Alan.	90	False
542	1	Charlotte	90	False
542	2	finished	90	False
542	3	reading	90	False
542	4	a	90	False
542	5	book	90	False
542	6	about	90	False
542	7	a	90	False
542	8	rare	90	False
542	9	kind	90	False
542	10	of	90	False
542	11	flower	90	True
542	12	according	90	False
542	13	to	90	False
542	14	Alan.	90	False
543	1	Merlin	90	False
543	2	needed	90	False
543	3	his	90	False
543	4	magic	90	False
543	5	wand	90	False
543	6	to	90	False
543	7	cast	90	False
543	8	the	90	False
543	9	spell	90	True
543	10	for	90	False
543	11	some	90	False
543	12	reason.	90	False
544	1	The	90	False
544	2	students	90	False
544	3	at	90	False
544	4	Hogwarts	90	False
544	5	had	90	False
544	6	trouble	90	False
544	7	understanding	90	False
544	8	the	90	False
544	9	spell	90	True
544	10	for	90	False
544	11	some	90	False
544	12	reason.	90	False
545	1	The	90	False
545	2	princess	90	False
545	3	could	90	False
545	4	not	90	False
545	5	be	90	False
545	6	awakened	90	False
545	7	by	90	False
545	8	the	90	False
545	9	spell	90	True
545	10	for	90	False
545	11	some	90	False
545	12	reason.	90	False
546	1	It's	90	False
546	2	easy	90	False
546	3	to	90	False
546	4	spot	90	False
546	5	a	90	False
546	6	zebra	90	False
546	7	because	90	False
546	8	of	90	False
546	9	its	90	False
546	10	stripes	90	True
546	11	and	90	False
546	12	markings.	90	False
547	1	It's	90	False
547	2	easy	90	False
547	3	to	90	False
547	4	recognize	90	False
547	5	a	90	False
547	6	bumblebee	90	False
547	7	because	90	False
547	8	of	90	False
547	9	its	90	False
547	10	stripes	90	True
547	11	and	90	False
547	12	markings.	90	False
548	1	It's	90	False
548	2	easy	90	False
548	3	to	90	False
548	4	recognize	90	False
548	5	a	90	False
548	6	piranha	90	False
548	7	because	90	False
548	8	of	90	False
548	9	its	90	False
548	10	stripes	90	True
548	11	and	90	False
548	12	markings.	90	False
549	1	Eric	90	False
549	2	comforted	90	False
549	3	his	90	False
549	4	tearful	90	False
549	5	son	90	False
549	6	and	90	False
549	7	sang	90	False
549	8	him	90	False
549	9	to	90	False
549	10	sleep	90	True
549	11	after	90	False
549	12	all	90	False
549	13	the	90	False
549	14	commotion.	90	False
550	1	My	90	False
550	2	nephew	90	False
550	3	told	90	False
550	4	us	90	False
550	5	that	90	False
550	6	he	90	False
550	7	didn't	90	False
550	8	want	90	False
550	9	to	90	False
550	10	sleep	90	True
550	11	after	90	False
550	12	all	90	False
550	13	the	90	False
550	14	commotion.	90	False
551	1	All	90	False
551	2	of	90	False
551	3	us	90	False
551	4	knew	90	False
551	5	that	90	False
551	6	Eric	90	False
551	7	wouldn't	90	False
551	8	want	90	False
551	9	to	90	False
551	10	sleep	90	True
551	11	after	90	False
551	12	all	90	False
551	13	the	90	False
551	14	commotion.	90	False
552	1	When	90	False
552	2	exiting	90	False
552	3	the	90	False
552	4	highway,	90	False
552	5	they	90	False
552	6	had	90	False
552	7	trouble	90	False
552	8	reading	90	False
552	9	the	90	False
552	10	small	90	False
552	11	sign	90	True
552	12	in	90	False
552	13	the	90	False
552	14	distance.	90	False
553	1	On	90	False
553	2	their	90	False
553	3	country	90	False
553	4	drive,	90	False
553	5	they	90	False
553	6	had	90	False
553	7	trouble	90	False
553	8	seeing	90	False
553	9	the	90	False
553	10	small	90	False
553	11	sign	90	True
553	12	in	90	False
553	13	the	90	False
553	14	distance.	90	False
554	1	At	90	False
554	2	the	90	False
554	3	Italian	90	False
554	4	restaurant,	90	False
554	5	they	90	False
554	6	had	90	False
554	7	trouble	90	False
554	8	reading	90	False
554	9	the	90	False
554	10	small	90	False
554	11	sign	90	True
554	12	in	90	False
554	13	the	90	False
554	14	distance.	90	False
555	1	We	90	False
555	2	had	90	False
555	3	to	90	False
555	4	guess	90	False
555	5	heads	90	False
555	6	or	90	False
555	7	tails	90	False
555	8	when	90	False
555	9	the	90	False
555	10	referee	90	False
555	11	flipped	90	False
555	12	the	90	False
555	13	coin	90	True
555	14	in	90	False
555	15	Dallas.	90	False
556	1	Because	90	False
556	2	it	90	False
556	3	was	90	False
556	4	rare,	90	False
556	5	he	90	False
556	6	could	90	False
556	7	get	90	False
556	8	some	90	False
556	9	money	90	False
556	10	from	90	False
556	11	selling	90	False
556	12	the	90	False
556	13	coin	90	True
556	14	in	90	False
556	15	Dallas.	90	False
557	1	He	90	False
557	2	was	90	False
557	3	carrying	90	False
557	4	so	90	False
557	5	much	90	False
557	6	stuff	90	False
557	7	in	90	False
557	8	his	90	False
557	9	hands,	90	False
557	10	he	90	False
557	11	dropped	90	False
557	12	the	90	False
557	13	coin	90	True
557	14	in	90	False
557	15	Dallas.	90	False
558	1	The	90	False
558	2	angry	90	False
558	3	visitor	90	False
558	4	said	90	False
558	5	hello,	90	False
558	6	but	90	False
558	7	he	90	False
558	8	refused	90	False
558	9	to	90	False
558	10	shake	90	False
558	11	my	90	False
558	12	hand	90	True
558	13	at	90	False
558	14	the	90	False
558	15	office.	90	False
559	1	I	90	False
559	2	couldn't	90	False
559	3	finish	90	False
559	4	writing,	90	False
559	5	because	90	False
559	6	there	90	False
559	7	was	90	False
559	8	something	90	False
559	9	wrong	90	False
559	10	with	90	False
559	11	my	90	False
559	12	hand	90	True
559	13	at	90	False
559	14	the	90	False
559	15	office.	90	False
560	1	I	90	False
560	2	was	90	False
560	3	very	90	False
560	4	uncomfortable	90	False
560	5	because	90	False
560	6	I	90	False
560	7	had	90	False
560	8	a	90	False
560	9	cramp	90	False
560	10	in	90	False
560	11	my	90	False
560	12	hand	90	True
560	13	at	90	False
560	14	the	90	False
560	15	office.	90	False
561	1	The	90	False
561	2	kids	90	False
561	3	had	90	False
561	4	lots	90	False
561	5	of	90	False
561	6	cavities	90	False
561	7	because	90	False
561	8	they	90	False
561	9	drank	90	False
561	10	soda	90	True
561	11	all	90	False
561	12	the	90	False
561	13	time.	90	False
562	1	They	90	False
562	2	were	90	False
562	3	out	90	False
562	4	of	90	False
562	5	lemonade,	90	False
562	6	so	90	False
562	7	instead	90	False
562	8	they	90	False
562	9	drank	90	False
562	10	soda	90	True
562	11	all	90	False
562	12	the	90	False
562	13	time.	90	False
563	1	The	90	False
563	2	hotel	90	False
563	3	didn't	90	False
563	4	have	90	False
563	5	coffee,	90	False
563	6	so	90	False
563	7	instead	90	False
563	8	they	90	False
563	9	drank	90	False
563	10	soda	90	True
563	11	all	90	False
563	12	the	90	False
563	13	time.	90	False
564	1	She	90	False
564	2	couldn't	90	False
564	3	get	90	False
564	4	the	90	False
564	5	thread	90	False
564	6	through	90	False
564	7	the	90	False
564	8	eye	90	False
564	9	of	90	False
564	10	the	90	False
564	11	needle	90	True
564	12	while	90	False
564	13	quilting.	90	False
565	1	The	90	False
565	2	woman	90	False
565	3	accidentally	90	False
565	4	poked	90	False
565	5	herself	90	False
565	6	with	90	False
565	7	the	90	False
565	8	tip	90	False
565	9	of	90	False
565	10	the	90	False
565	11	needle	90	True
565	12	while	90	False
565	13	quilting.	90	False
566	1	During	90	False
566	2	arts	90	False
566	3	and	90	False
566	4	crafts	90	False
566	5	she	90	False
566	6	broke	90	False
566	7	the	90	False
566	8	tip	90	False
566	9	of	90	False
566	10	the	90	False
566	11	needle	90	True
566	12	while	90	False
566	13	quilting.	90	False
567	1	The	90	False
567	2	soprano	90	False
567	3	auditioned	90	False
567	4	for	90	False
567	5	the	90	False
567	6	church	90	False
567	7	choir	90	True
567	8	in	90	False
567	9	the	90	False
567	10	evening.	90	False
568	1	Every	90	False
568	2	Easter,	90	False
568	3	they	90	False
568	4	heard	90	False
568	5	the	90	False
568	6	church	90	False
568	7	choir	90	True
568	8	in	90	False
568	9	the	90	False
568	10	evening.	90	False
569	1	Elizabeth	90	False
569	2	didn't	90	False
569	3	like	90	False
569	4	to	90	False
569	5	attend	90	False
569	6	church	90	False
569	7	choir	90	True
569	8	in	90	False
569	9	the	90	False
569	10	evening.	90	False
570	1	The	90	False
570	2	honey	90	False
570	3	was	90	False
570	4	produced	90	False
570	5	by	90	False
570	6	a	90	False
570	7	hive	90	False
570	8	of	90	False
570	9	bees	90	True
570	10	in	90	False
570	11	the	90	False
570	12	yard.	90	False
571	1	She	90	False
571	2	is	90	False
571	3	deathly	90	False
571	4	allergic	90	False
571	5	to	90	False
571	6	those	90	False
571	7	types	90	False
571	8	of	90	False
571	9	bees	90	True
571	10	in	90	False
571	11	the	90	False
571	12	yard.	90	False
572	1	The	90	False
572	2	people	90	False
572	3	outside	90	False
572	4	were	90	False
572	5	avoiding	90	False
572	6	the	90	False
572	7	group	90	False
572	8	of	90	False
572	9	bees	90	True
572	10	in	90	False
572	11	the	90	False
572	12	yard.	90	False
573	1	The	90	False
573	2	teacher	90	False
573	3	walked	90	False
573	4	up	90	False
573	5	to	90	False
573	6	the	90	False
573	7	board	90	False
573	8	and	90	False
573	9	grabbed	90	False
573	10	a	90	False
573	11	piece	90	False
573	12	of	90	False
573	13	chalk	90	True
573	14	at	90	False
573	15	home.	90	False
574	1	After	90	False
574	2	decades,	90	False
574	3	the	90	False
574	4	instructor	90	False
574	5	decided	90	False
574	6	to	90	False
574	7	switch	90	False
574	8	to	90	False
574	9	a	90	False
574	10	new	90	False
574	11	brand	90	False
574	12	of	90	False
574	13	chalk	90	True
574	14	at	90	False
574	15	home.	90	False
575	1	While	90	False
575	2	searching	90	False
575	3	around	90	False
575	4	in	90	False
575	5	the	90	False
575	6	garage,	90	False
575	7	the	90	False
575	8	man	90	False
575	9	found	90	False
575	10	a	90	False
575	11	piece	90	False
575	12	of	90	False
575	13	chalk	90	True
575	14	at	90	False
575	15	home.	90	False
576	1	In	90	False
576	2	Santa's	90	False
576	3	workshop,	90	False
576	4	the	90	False
576	5	toys	90	False
576	6	are	90	False
576	7	made	90	False
576	8	by	90	False
576	9	the	90	False
576	10	elves	90	True
576	11	on	90	False
576	12	Christmas	90	False
576	13	Eve.	90	False
577	1	His	90	False
577	2	children	90	False
577	3	thought	90	False
577	4	the	90	False
577	5	games	90	False
577	6	were	90	False
577	7	made	90	False
577	8	by	90	False
577	9	the	90	False
577	10	elves	90	True
577	11	on	90	False
577	12	Christmas	90	False
577	13	Eve.	90	False
578	1	Timmy	90	False
578	2	wanted	90	False
578	3	to	90	False
578	4	hear	90	False
578	5	another	90	False
578	6	bedtime	90	False
578	7	story	90	False
578	8	about	90	False
578	9	the	90	False
578	10	elves	90	True
578	11	on	90	False
578	12	Christmas	90	False
578	13	Eve.	90	False
579	1	Not	90	False
579	2	using	90	False
579	3	sunscreen	90	False
579	4	at	90	False
579	5	the	90	False
579	6	beach	90	False
579	7	can	90	False
579	8	damage	90	False
579	9	your	90	False
579	10	skin	90	True
579	11	quite	90	False
579	12	badly.	90	False
580	1	The	90	False
580	2	chemicals	90	False
580	3	floating	90	False
580	4	in	90	False
580	5	the	90	False
580	6	water	90	False
580	7	can	90	False
580	8	damage	90	False
580	9	your	90	False
580	10	skin	90	True
580	11	quite	90	False
580	12	badly.	90	False
581	1	The	90	False
581	2	factory	90	False
581	3	produces	90	False
581	4	noxious	90	False
581	5	chemicals	90	False
581	6	that	90	False
581	7	can	90	False
581	8	damage	90	False
581	9	your	90	False
581	10	skin	90	True
581	11	quite	90	False
581	12	badly.	90	False
582	1	To	90	False
582	2	make	90	False
582	3	the	90	False
582	4	cake	90	False
582	5	sweet,	90	False
582	6	he	90	False
582	7	added	90	False
582	8	some	90	False
582	9	more	90	False
582	10	sugar	90	True
582	11	and	90	False
582	12	cinnamon.	90	False
583	1	My	90	False
583	2	wife	90	False
583	3	didn't	90	False
583	4	notice	90	False
583	5	that	90	False
583	6	I	90	False
583	7	added	90	False
583	8	some	90	False
583	9	more	90	False
583	10	sugar	90	True
583	11	and	90	False
583	12	cinnamon.	90	False
584	1	I	90	False
584	2	reminded	90	False
584	3	my	90	False
584	4	wife	90	False
584	5	that	90	False
584	6	we	90	False
584	7	needed	90	False
584	8	some	90	False
584	9	more	90	False
584	10	sugar	90	True
584	11	and	90	False
584	12	cinnamon.	90	False
585	1	Long	90	False
585	2	before	90	False
585	3	he	90	False
585	4	saw	90	False
585	5	the	90	False
585	6	ambulance's	90	False
585	7	lights	90	False
585	8	he	90	False
585	9	heard	90	False
585	10	the	90	False
585	11	siren	90	True
585	12	off	90	False
585	13	in	90	False
585	14	the	90	False
585	15	distance.	90	False
586	1	When	90	False
586	2	Dennis	90	False
586	3	got	90	False
586	4	closer	90	False
586	5	to	90	False
586	6	the	90	False
586	7	intersection	90	False
586	8	he	90	False
586	9	heard	90	False
586	10	the	90	False
586	11	siren	90	True
586	12	off	90	False
586	13	in	90	False
586	14	the	90	False
586	15	distance.	90	False
587	1	The	90	False
587	2	students	90	False
587	3	were	90	False
587	4	ducking	90	False
587	5	for	90	False
587	6	cover	90	False
587	7	when	90	False
587	8	they	90	False
587	9	heard	90	False
587	10	the	90	False
587	11	siren	90	True
587	12	off	90	False
587	13	in	90	False
587	14	the	90	False
587	15	distance.	90	False
588	1	The	90	False
588	2	warrior	90	False
588	3	blocked	90	False
588	4	the	90	False
588	5	spear	90	False
588	6	thrust	90	False
588	7	with	90	False
588	8	his	90	False
588	9	large	90	False
588	10	wooden	90	False
588	11	shield	90	True
588	12	covered	90	False
588	13	in	90	False
588	14	spikes.	90	False
589	1	In	90	False
589	2	the	90	False
589	3	warrior's	90	False
589	4	tomb,	90	False
589	5	the	90	False
589	6	team	90	False
589	7	discovered	90	False
589	8	a	90	False
589	9	large	90	False
589	10	wooden	90	False
589	11	shield	90	True
589	12	covered	90	False
589	13	in	90	False
589	14	spikes.	90	False
590	1	The	90	False
590	2	accomplished	90	False
590	3	artist	90	False
590	4	carved	90	False
590	5	the	90	False
590	6	design	90	False
590	7	on	90	False
590	8	the	90	False
590	9	large	90	False
590	10	wooden	90	False
590	11	shield	90	True
590	12	covered	90	False
590	13	in	90	False
590	14	spikes.	90	False
591	1	For	90	False
591	2	my	90	False
591	3	mother's	90	False
591	4	birthday,	90	False
591	5	we	90	False
591	6	threw	90	False
591	7	a	90	False
591	8	huge	90	False
591	9	party	90	True
591	10	that	90	False
591	11	made	90	False
591	12	the	90	False
591	13	neighbors	90	False
591	14	angry.	90	False
592	1	On	90	False
592	2	the	90	False
592	3	last	90	False
592	4	day,	90	False
592	5	there	90	False
592	6	was	90	False
592	7	a	90	False
592	8	huge	90	False
592	9	party	90	True
592	10	that	90	False
592	11	made	90	False
592	12	the	90	False
592	13	neighbors	90	False
592	14	angry.	90	False
593	1	Right	90	False
593	2	beside	90	False
593	3	the	90	False
593	4	lake,	90	False
593	5	there	90	False
593	6	was	90	False
593	7	a	90	False
593	8	huge	90	False
593	9	party	90	True
593	10	that	90	False
593	11	made	90	False
593	12	the	90	False
593	13	neighbors	90	False
593	14	angry.	90	False
594	1	Eric	90	False
594	2	sued	90	False
594	3	the	90	False
594	4	taxi	90	False
594	5	driver	90	False
594	6	and	90	False
594	7	took	90	False
594	8	him	90	False
594	9	to	90	False
594	10	court	90	True
594	11	On	90	False
594	12	Tuesday.	90	False
595	1	Susan	90	False
595	2	was	90	False
595	3	angry	90	False
595	4	at	90	False
595	5	Eric	90	False
595	6	and	90	False
595	7	took	90	False
595	8	him	90	False
595	9	to	90	False
595	10	court	90	True
595	11	On	90	False
595	12	Tuesday.	90	False
596	1	Eric	90	False
596	2	picked	90	False
596	3	up	90	False
596	4	his	90	False
596	5	friend	90	False
596	6	and	90	False
596	7	brought	90	False
596	8	him	90	False
596	9	to	90	False
596	10	court	90	True
596	11	On	90	False
596	12	Tuesday.	90	False
597	1	At	90	False
597	2	two	90	False
597	3	o'clock	90	False
597	4	the	90	False
597	5	British	90	False
597	6	family	90	False
597	7	always	90	False
597	8	has	90	False
597	9	crumpets	90	False
597	10	and	90	False
597	11	tea	90	True
597	12	on	90	False
597	13	the	90	False
597	14	back	90	False
597	15	porch.	90	False
598	1	At	90	False
598	2	the	90	False
598	3	breakfast	90	False
598	4	buffet,	90	False
598	5	the	90	False
598	6	conference	90	False
598	7	was	90	False
598	8	serving	90	False
598	9	coffee	90	False
598	10	and	90	False
598	11	tea	90	True
598	12	on	90	False
598	13	the	90	False
598	14	back	90	False
598	15	porch.	90	False
599	1	When	90	False
599	2	their	90	False
599	3	mother	90	False
599	4	was	90	False
599	5	home	90	False
599	6	they	90	False
599	7	could	90	False
599	8	have	90	False
599	9	brownies	90	False
599	10	and	90	False
599	11	tea	90	True
599	12	on	90	False
599	13	the	90	False
599	14	back	90	False
599	15	porch.	90	False
600	1	Before	90	False
600	2	meeting	90	False
600	3	Brad,	90	False
600	4	she	90	False
600	5	put	90	False
600	6	on	90	False
600	7	black	90	False
600	8	eyeliner	90	False
600	9	and	90	False
600	10	some	90	False
600	11	red	90	False
600	12	lipstick	90	True
600	13	that	90	False
600	14	looked	90	False
600	15	nice.	90	False
601	1	At	90	False
601	2	the	90	False
601	3	premier,	90	False
601	4	she	90	False
601	5	wore	90	False
601	6	a	90	False
601	7	black	90	False
601	8	dress	90	False
601	9	and	90	False
601	10	some	90	False
601	11	red	90	False
601	12	lipstick	90	True
601	13	that	90	False
601	14	looked	90	False
601	15	nice.	90	False
602	1	At	90	False
602	2	the	90	False
602	3	store,	90	False
602	4	she	90	False
602	5	bought	90	False
602	6	some	90	False
602	7	black	90	False
602	8	pens	90	False
602	9	and	90	False
602	10	some	90	False
602	11	red	90	False
602	12	lipstick	90	True
602	13	that	90	False
602	14	looked	90	False
602	15	nice.	90	False
603	1	The	90	False
603	2	hungry	90	False
603	3	monkey	90	False
603	4	was	90	False
603	5	trying	90	False
603	6	to	90	False
603	7	peel	90	False
603	8	the	90	False
603	9	banana	90	True
603	10	at	90	False
603	11	breakfast.	90	False
604	1	Because	90	False
604	2	of	90	False
604	3	fruit	90	False
604	4	flies,	90	False
604	5	he	90	False
604	6	threw	90	False
604	7	away	90	False
604	8	the	90	False
604	9	banana	90	True
604	10	at	90	False
604	11	breakfast.	90	False
605	1	My	90	False
605	2	picky	90	False
605	3	younger	90	False
605	4	brother	90	False
605	5	refused	90	False
605	6	to	90	False
605	7	eat	90	False
605	8	the	90	False
605	9	banana	90	True
605	10	at	90	False
605	11	breakfast.	90	False
606	1	Before	90	False
606	2	laying	90	False
606	3	its	90	False
606	4	eggs,	90	False
606	5	the	90	False
606	6	robin	90	False
606	7	had	90	False
606	8	to	90	False
606	9	build	90	False
606	10	a	90	False
606	11	nest	90	True
606	12	made	90	False
606	13	of	90	False
606	14	twigs.	90	False
607	1	Up	90	False
607	2	in	90	False
607	3	the	90	False
607	4	poplar	90	False
607	5	tree,	90	False
607	6	the	90	False
607	7	stray	90	False
607	8	cat	90	False
607	9	found	90	False
607	10	a	90	False
607	11	nest	90	True
607	12	made	90	False
607	13	of	90	False
607	14	twigs.	90	False
608	1	While	90	False
608	2	cleaning	90	False
608	3	up	90	False
608	4	outside,	90	False
608	5	Jerry	90	False
608	6	had	90	False
608	7	to	90	False
608	8	throw	90	False
608	9	away	90	False
608	10	a	90	False
608	11	nest	90	True
608	12	made	90	False
608	13	of	90	False
608	14	twigs.	90	False
609	1	After	90	False
609	2	the	90	False
609	3	body	90	False
609	4	was	90	False
609	5	discovered,	90	False
609	6	our	90	False
609	7	neighbor	90	False
609	8	was	90	False
609	9	arrested	90	False
609	10	for	90	False
609	11	murder	90	True
609	12	and	90	False
609	13	arson.	90	False
610	1	Our	90	False
610	2	son	90	False
610	3	was	90	False
610	4	innocent	90	False
610	5	and	90	False
610	6	shouldn't	90	False
610	7	have	90	False
610	8	been	90	False
610	9	arrested	90	False
610	10	for	90	False
610	11	murder	90	True
610	12	and	90	False
610	13	arson.	90	False
611	1	When	90	False
611	2	the	90	False
611	3	building	90	False
611	4	burned	90	False
611	5	down,	90	False
611	6	the	90	False
611	7	man	90	False
611	8	was	90	False
611	9	arrested	90	False
611	10	for	90	False
611	11	murder	90	True
611	12	and	90	False
611	13	arson.	90	False
612	1	On	90	False
612	2	the	90	False
612	3	queen's	90	False
612	4	head,	90	False
612	5	the	90	False
612	6	priest	90	False
612	7	placed	90	False
612	8	a	90	False
612	9	golden	90	False
612	10	crown	90	True
612	11	with	90	False
612	12	bright	90	False
612	13	jewels.	90	False
613	1	On	90	False
613	2	the	90	False
613	3	king's	90	False
613	4	nightstand,	90	False
613	5	the	90	False
613	6	men	90	False
613	7	saw	90	False
613	8	a	90	False
613	9	golden	90	False
613	10	crown	90	True
613	11	with	90	False
613	12	bright	90	False
613	13	jewels.	90	False
614	1	The	90	False
614	2	merchant	90	False
614	3	paid	90	False
614	4	for	90	False
614	5	the	90	False
614	6	goods	90	False
614	7	with	90	False
614	8	a	90	False
614	9	golden	90	False
614	10	crown	90	True
614	11	with	90	False
614	12	bright	90	False
614	13	jewels.	90	False
615	1	The	90	False
615	2	soldier	90	False
615	3	decided	90	False
615	4	to	90	False
615	5	quit	90	False
615	6	the	90	False
615	7	army	90	True
615	8	after	90	False
615	9	school.	90	False
616	1	George	90	False
616	2	chose	90	False
616	3	not	90	False
616	4	to	90	False
616	5	join	90	False
616	6	the	90	False
616	7	army	90	True
616	8	after	90	False
616	9	school.	90	False
617	1	The	90	False
617	2	students	90	False
617	3	were	90	False
617	4	learning	90	False
617	5	about	90	False
617	6	the	90	False
617	7	army	90	True
617	8	after	90	False
617	9	school.	90	False
618	1	Of	90	False
618	2	all	90	False
618	3	the	90	False
618	4	animals,	90	False
618	5	the	90	False
618	6	giraffe	90	False
618	7	is	90	False
618	8	known	90	False
618	9	for	90	False
618	10	its	90	False
618	11	long	90	False
618	12	neck	90	True
618	13	and	90	False
618	14	distinctive	90	False
618	15	colors.	90	False
619	1	Of	90	False
619	2	all	90	False
619	3	the	90	False
619	4	animals,	90	False
619	5	the	90	False
619	6	flamingo	90	False
619	7	is	90	False
619	8	known	90	False
619	9	for	90	False
619	10	its	90	False
619	11	long	90	False
619	12	neck	90	True
619	13	and	90	False
619	14	distinctive	90	False
619	15	colors.	90	False
620	1	Of	90	False
620	2	all	90	False
620	3	the	90	False
620	4	animals,	90	False
620	5	the	90	False
620	6	peacock	90	False
620	7	is	90	False
620	8	known	90	False
620	9	for	90	False
620	10	its	90	False
620	11	long	90	False
620	12	neck	90	True
620	13	and	90	False
620	14	distinctive	90	False
620	15	colors.	90	False
621	1	She's	90	False
621	2	locked	90	False
621	3	out	90	False
621	4	because	90	False
621	5	she	90	False
621	6	forgot	90	False
621	7	to	90	False
621	8	take	90	False
621	9	her	90	False
621	10	keys	90	True
621	11	with	90	False
621	12	her.	90	False
622	1	As	90	False
622	2	she	90	False
622	3	rushed	90	False
622	4	out,	90	False
622	5	she	90	False
622	6	forgot	90	False
622	7	to	90	False
622	8	take	90	False
622	9	her	90	False
622	10	keys	90	True
622	11	with	90	False
622	12	her.	90	False
623	1	While	90	False
623	2	running	90	False
623	3	her	90	False
623	4	errands,	90	False
623	5	she	90	False
623	6	forgot	90	False
623	7	to	90	False
623	8	take	90	False
623	9	her	90	False
623	10	keys	90	True
623	11	with	90	False
623	12	her.	90	False
624	1	The	90	False
624	2	checkmate	90	False
624	3	abruptly	90	False
624	4	ended	90	False
624	5	their	90	False
624	6	game	90	False
624	7	of	90	False
624	8	chess	90	True
624	9	at	90	False
624	10	Victor's	90	False
624	11	house.	90	False
625	1	The	90	False
625	2	two	90	False
625	3	Russians	90	False
625	4	played	90	False
625	5	another	90	False
625	6	round	90	False
625	7	of	90	False
625	8	chess	90	True
625	9	at	90	False
625	10	Victor's	90	False
625	11	house.	90	False
626	1	They	90	False
626	2	were	90	False
626	3	learning	90	False
626	4	another	90	False
626	5	important	90	False
626	6	rule	90	False
626	7	of	90	False
626	8	chess	90	True
626	9	at	90	False
626	10	Victor's	90	False
626	11	house.	90	False
627	1	The	90	False
627	2	king	90	False
627	3	died	90	False
627	4	because	90	False
627	5	the	90	False
627	6	assassin	90	False
627	7	filled	90	False
627	8	his	90	False
627	9	cup	90	False
627	10	with	90	False
627	11	poison	90	True
627	12	last	90	False
627	13	night.	90	False
628	1	They	90	False
628	2	were	90	False
628	3	finally	90	False
628	4	able	90	False
628	5	to	90	False
628	6	solve	90	False
628	7	the	90	False
628	8	mouse	90	False
628	9	problem	90	False
628	10	with	90	False
628	11	poison	90	True
628	12	last	90	False
628	13	night.	90	False
629	1	The	90	False
629	2	small	90	False
629	3	dagger	90	False
629	4	that	90	False
629	5	the	90	False
629	6	soldier	90	False
629	7	carried	90	False
629	8	was	90	False
629	9	covered	90	False
629	10	with	90	False
629	11	poison	90	True
629	12	last	90	False
629	13	night.	90	False
630	1	The	90	False
630	2	collector's	90	False
630	3	most	90	False
630	4	valuable	90	False
630	5	coins	90	False
630	6	were	90	False
630	7	made	90	False
630	8	of	90	False
630	9	silver	90	False
630	10	and	90	False
630	11	gold	90	True
630	12	from	90	False
630	13	India.	90	False
631	1	The	90	False
631	2	miners	90	False
631	3	were	90	False
631	4	able	90	False
631	5	to	90	False
631	6	extract	90	False
631	7	lots	90	False
631	8	of	90	False
631	9	iron	90	False
631	10	and	90	False
631	11	gold	90	True
631	12	from	90	False
631	13	India.	90	False
632	1	Brazil	90	False
632	2	is	90	False
632	3	known	90	False
632	4	to	90	False
632	5	import	90	False
632	6	lots	90	False
632	7	of	90	False
632	8	lumber,	90	False
632	9	livestock,	90	False
632	10	and	90	False
632	11	gold	90	True
632	12	from	90	False
632	13	India.	90	False
633	1	She	90	False
633	2	puckered	90	False
633	3	her	90	False
633	4	lips	90	False
633	5	because	90	False
633	6	the	90	False
633	7	lemon	90	False
633	8	was	90	False
633	9	too	90	False
633	10	sour	90	True
633	11	and	90	False
633	12	tangy.	90	False
634	1	She	90	False
634	2	spat	90	False
634	3	out	90	False
634	4	the	90	False
634	5	fruit	90	False
634	6	because	90	False
634	7	it	90	False
634	8	was	90	False
634	9	too	90	False
634	10	sour	90	True
634	11	and	90	False
634	12	tangy.	90	False
635	1	She	90	False
635	2	threw	90	False
635	3	away	90	False
635	4	her	90	False
635	5	meal	90	False
635	6	because	90	False
635	7	it	90	False
635	8	was	90	False
635	9	too	90	False
635	10	sour	90	True
635	11	and	90	False
635	12	tangy.	90	False
636	1	The	90	False
636	2	murderer's	90	False
636	3	knife	90	False
636	4	and	90	False
636	5	clothes	90	False
636	6	were	90	False
636	7	covered	90	False
636	8	in	90	False
636	9	blood	90	True
636	10	from	90	False
636	11	the	90	False
636	12	killings.	90	False
637	1	The	90	False
637	2	cafeteria	90	False
637	3	in	90	False
637	4	the	90	False
637	5	prison	90	False
637	6	was	90	False
637	7	covered	90	False
637	8	in	90	False
637	9	blood	90	True
637	10	from	90	False
637	11	the	90	False
637	12	killings.	90	False
638	1	The	90	False
638	2	woman's	90	False
638	3	counter	90	False
638	4	and	90	False
638	5	refrigerator	90	False
638	6	were	90	False
638	7	covered	90	False
638	8	in	90	False
638	9	blood	90	True
638	10	from	90	False
638	11	the	90	False
638	12	killings.	90	False
639	1	He	90	False
639	2	liked	90	False
639	3	to	90	False
639	4	study	90	False
639	5	in	90	False
639	6	the	90	False
639	7	library	90	False
639	8	because	90	False
639	9	it	90	False
639	10	was	90	False
639	11	very	90	False
639	12	quiet	90	True
639	13	and	90	False
639	14	peaceful.	90	False
640	1	The	90	False
640	2	group	90	False
640	3	of	90	False
640	4	people	90	False
640	5	sitting	90	False
640	6	in	90	False
640	7	the	90	False
640	8	concert	90	False
640	9	hall	90	False
640	10	was	90	False
640	11	very	90	False
640	12	quiet	90	True
640	13	and	90	False
640	14	peaceful.	90	False
641	1	The	90	False
641	2	neighborhood	90	False
641	3	at	90	False
641	4	the	90	False
641	5	top	90	False
641	6	of	90	False
641	7	the	90	False
641	8	tall	90	False
641	9	hill	90	False
641	10	was	90	False
641	11	very	90	False
641	12	quiet	90	True
641	13	and	90	False
641	14	peaceful.	90	False
642	1	The	90	False
642	2	fisherman	90	False
642	3	attached	90	False
642	4	the	90	False
642	5	worm	90	False
642	6	to	90	False
642	7	the	90	False
642	8	hook	90	True
642	9	with	90	False
642	10	the	90	False
642	11	sharp	90	False
642	12	point.	90	False
643	1	We	90	False
643	2	definitely	90	False
643	3	saw	90	False
643	4	the	90	False
643	5	fish	90	False
643	6	swallow	90	False
643	7	the	90	False
643	8	hook	90	True
643	9	with	90	False
643	10	the	90	False
643	11	sharp	90	False
643	12	point.	90	False
644	1	James	90	False
644	2	didn't	90	False
644	3	have	90	False
644	4	enough	90	False
644	5	money	90	False
644	6	for	90	False
644	7	the	90	False
644	8	hook	90	True
644	9	with	90	False
644	10	the	90	False
644	11	sharp	90	False
644	12	point.	90	False
645	1	The	90	False
645	2	hopeful	90	False
645	3	girl	90	False
645	4	wished	90	False
645	5	upon	90	False
645	6	a	90	False
645	7	star	90	True
645	8	up	90	False
645	9	in	90	False
645	10	the	90	False
645	11	sky.	90	False
646	1	The	90	False
646	2	sticker	90	False
646	3	was	90	False
646	4	shaped	90	False
646	5	like	90	False
646	6	a	90	False
646	7	star	90	True
646	8	up	90	False
646	9	in	90	False
646	10	the	90	False
646	11	sky.	90	False
647	1	On	90	False
647	2	the	90	False
647	3	canvas,	90	False
647	4	Andrew	90	False
647	5	drew	90	False
647	6	a	90	False
647	7	star	90	True
647	8	up	90	False
647	9	in	90	False
647	10	the	90	False
647	11	sky.	90	False
